from,subject,body,label
v0 Team ship@info.vercel.com,Organize and share your v0 chats with Projects,"Each project can have its own system prompt, which helps you clearly define what you&#39;re building.â€Œ â€Œ â€Œ Organize and share your v0 chats with Projects Projects allow you to group and organize your",Social
Unstop Campus Ambassadors noreply@dare2compete.news,"Sneha,Â This is how real leaders are made at Unstop.",Become an ambassador today! ï»¿ Í ï»¿ Í ï»¿ Í ï»¿ Í ï»¿ Í ï»¿ Í ï»¿ Í ï»¿ Í ï»¿ Í ï»¿ Í ï»¿ Í ï»¿ Í ï»¿ Í ï»¿ Í ï»¿ Í ï»¿ Í ï»¿ Í ï»¿ Í ï»¿ Í ï»¿ Í ï»¿ Í ï»¿ Í ï»¿ Í ï»¿ Í ï»¿ Í ï»¿ Í ï»¿ Í ï»¿ Í ï»¿ Í ï»¿ Í ï»¿ Í ï»¿ Í ï»¿ Í ï»¿ Í ï»¿ Í ï»¿ Í ï»¿ Í ï»¿ Í ï»¿ Í ï»¿ Í ï»¿ Í ï»¿ Í ï»¿ Í ï»¿,Other
LinkedIn updates-noreply@linkedin.com,Neelima Kumari - Aspiration Matters Training & Consulting Founder &Lead Trainer Aspiration Matters Training & Consulting posted,Why does your team underperform? Because no one ever taught them the value ofâ€¦ Í Í Í Í Í Í Í Í Í Í Í Í Í Í Í Í Í Í Í Í Í Í Í Í Í Í Í Í Í Í Í Í Í Í Í Í Í Í Í Í Í Í Í Í Í Í Í Í Í Í Í Í Í Í Í Í Í Í Í Í Í,Other
"""Bajaj HackRx 6.0"" noreply@dare2compete.news",[PPI & 10 Lakhs cash prize] Bajaj Finserv HackRx 6.0 is live,Apply now! ï»¿ Í ï»¿ Í ï»¿ Í ï»¿ Í ï»¿ Í ï»¿ Í ï»¿ Í ï»¿ Í ï»¿ Í ï»¿ Í ï»¿ Í ï»¿ Í ï»¿ Í ï»¿ Í ï»¿ Í ï»¿ Í ï»¿ Í ï»¿ Í ï»¿ Í ï»¿ Í ï»¿ Í ï»¿ Í ï»¿ Í ï»¿ Í ï»¿ Í ï»¿ Í ï»¿ Í ï»¿ Í ï»¿ Í ï»¿ Í ï»¿ Í ï»¿ Í ï»¿ Í ï»¿ Í ï»¿ Í ï»¿ Í ï»¿ Í ï»¿ Í ï»¿ Í ï»¿ Í ï»¿ Í ï»¿ Í ï»¿ Í ï»¿ Í ï»¿ Í ï»¿ Í ï»¿ Í ï»¿,Spam
Unstop Practice noreply@dare2compete.news,"Sneha D L, Crack Goldmanâ€¯Sachs Internship",with this 5 day resource kit. ï»¿ Í ï»¿ Í ï»¿ Í ï»¿ Í ï»¿ Í ï»¿ Í ï»¿ Í ï»¿ Í ï»¿ Í ï»¿ Í ï»¿ Í ï»¿ Í ï»¿ Í ï»¿ Í ï»¿ Í ï»¿ Í ï»¿ Í ï»¿ Í ï»¿ Í ï»¿ Í ï»¿ Í ï»¿ Í ï»¿ Í ï»¿ Í ï»¿ Í ï»¿ Í ï»¿ Í ï»¿ Í ï»¿ Í ï»¿ Í ï»¿ Í ï»¿ Í ï»¿ Í ï»¿ Í ï»¿ Í ï»¿ Í ï»¿ Í ï»¿ Í ï»¿ Í ï»¿ Í ï»¿ Í ï»¿ Í ï»¿ Í,Important
Google Cloud Agentic AI Day admin@no-reply.hack2skill.com,Shortlisted teams announced - Check the list here!,"Hi Sneha DL, The moment you&#39;ve been waiting for is here! We&#39;re thrilled to announce the Shortlisted Teams advancing to the 30-hour in-person hackathon! We also have some teams in the waitlist",Important
LinkedIn notifications-noreply@linkedin.com,How to navigate salary negotiations?â€¦,Here&#39;s what&#39;s happened since you were last on LinkedIn Í Í Í Í Í Í Í Í Í Í Í Í Í Í Í Í Í Í Í Í Í Í Í Í Í Í Í Í Í Í Í Í Í Í Í Í Í Í Í Í Í Í Í Í Í Í Í Í Í Í Í Í Í Í Í Í Í Í Í Í Í Í Í Í Í Í Í Í Í,Social
Unstop Competitions noreply@dare2compete.news,"Win cash prizes upto INR 1,90,000 with Bajaj HackRx 6.0!",Register now ï»¿ Í ï»¿ Í ï»¿ Í ï»¿ Í ï»¿ Í ï»¿ Í ï»¿ Í ï»¿ Í ï»¿ Í ï»¿ Í ï»¿ Í ï»¿ Í ï»¿ Í ï»¿ Í ï»¿ Í ï»¿ Í ï»¿ Í ï»¿ Í ï»¿ Í ï»¿ Í ï»¿ Í ï»¿ Í ï»¿ Í ï»¿ Í ï»¿ Í ï»¿ Í ï»¿ Í ï»¿ Í ï»¿ Í ï»¿ Í ï»¿ Í ï»¿ Í ï»¿ Í ï»¿ Í ï»¿ Í ï»¿ Í ï»¿ Í ï»¿ Í ï»¿ Í ï»¿ Í ï»¿ Í ï»¿ Í ï»¿ Í ï»¿ Í ï»¿ Í ï»¿ Í ï»¿ Í,Spam
Google Cloud Agentic AI Day admin@no-reply.hack2skill.com,[UPDATE] Agentic AI Day| Submission complete!,"Dear Sneha DL, We extend our sincere gratitude for the time, creativity, and expertise you&#39;ve invested in submitting your idea for Agentic AI Day. This is to confirm that your submission is",Important
Google Cloud Agentic AI Day admin@no-reply.hack2skill.com,Agentic AI Day Update | Submission complete!,"Dear Sneha DL, We extend our sincere gratitude for the time, creativity, and expertise you&#39;ve invested in submitting your idea for Agentic AI Day. This is to confirm that your submission is",Important
CodePen support@codepen.io,"Clicky Keys, a CSS Koala, and Endless Buttons","View this issue on CodePen Clicky Keys, a CSS Koala, and Endless Buttons This week&#39;s CodePen community highlights include a configurable clicky mini-keyboard from Jhey Tompkins, an adorable CSS",Newsletter
LinkedIn updates-noreply@linkedin.com,Neelima Kumari - Aspiration Matters Training & Consulting Founder &Lead Trainer Aspiration Matters Training & Consulting posted,Why does your team underperform? Because no one ever taught them the value ofâ€¦ Í Í Í Í Í Í Í Í Í Í Í Í Í Í Í Í Í Í Í Í Í Í Í Í Í Í Í Í Í Í Í Í Í Í Í Í Í Í Í Í Í Í Í Í Í Í Í Í Í Í Í Í Í Í Í Í Í Í Í Í Í,Other
Unstop Insights noreply@dare2compete.news,"Sneha,Â NVIDIA is offering free tech coursesâ€”grab a seat now!","No feesâ€”only hassle-free, hands-on tech training ï»¿ Í ï»¿ Í ï»¿ Í ï»¿ Í ï»¿ Í ï»¿ Í ï»¿ Í ï»¿ Í ï»¿ Í ï»¿ Í ï»¿ Í ï»¿ Í ï»¿ Í ï»¿ Í ï»¿ Í ï»¿ Í ï»¿ Í ï»¿ Í ï»¿ Í ï»¿ Í ï»¿ Í ï»¿ Í ï»¿ Í ï»¿ Í ï»¿ Í ï»¿ Í ï»¿ Í ï»¿ Í ï»¿ Í ï»¿ Í ï»¿ Í ï»¿ Í ï»¿ Í ï»¿ Í ï»¿ Í ï»¿ Í ï»¿ Í ï»¿ Í",Promotional
Unstop Campus Ambassadors noreply@dare2compete.news,"Sneha, time to step out of the classroom!",And enter a world of opportunities! ï»¿ Í ï»¿ Í ï»¿ Í ï»¿ Í ï»¿ Í ï»¿ Í ï»¿ Í ï»¿ Í ï»¿ Í ï»¿ Í ï»¿ Í ï»¿ Í ï»¿ Í ï»¿ Í ï»¿ Í ï»¿ Í ï»¿ Í ï»¿ Í ï»¿ Í ï»¿ Í ï»¿ Í ï»¿ Í ï»¿ Í ï»¿ Í ï»¿ Í ï»¿ Í ï»¿ Í ï»¿ Í ï»¿ Í ï»¿ Í ï»¿ Í ï»¿ Í ï»¿ Í ï»¿ Í ï»¿ Í ï»¿ Í ï»¿ Í ï»¿ Í ï»¿ Í ï»¿ Í ï»¿ Í ï»¿,Newsletter
LinkedIn notifications-noreply@linkedin.com,Are multiple rounds of interviews a redâ€¦,Here&#39;s what&#39;s happened since you were last on LinkedIn Í Í Í Í Í Í Í Í Í Í Í Í Í Í Í Í Í Í Í Í Í Í Í Í Í Í Í Í Í Í Í Í Í Í Í Í Í Í Í Í Í Í Í Í Í Í Í Í Í Í Í Í Í Í Í Í Í Í Í Í Í Í Í Í Í Í Í Í Í,Social
Lovable hi@lovable.dev,Agent early access + 20% pro discount,"Hey, Exciting things are happening at Lovable and we want to share a few updates: Lovable has gotten upgrades recently including Agent Mode and built-in Analytics that makes Lovable more powerful. You",Newsletter
Unstop Insights noreply@dare2compete.news,"Sneha,Â AICTE 1M1Bâ€™s green virtual internship is liveâ€“ 2000 seats!","Deadline: July 15, 2025 | Supported by Salesforce ï»¿ Í ï»¿ Í ï»¿ Í ï»¿ Í ï»¿ Í ï»¿ Í ï»¿ Í ï»¿ Í ï»¿ Í ï»¿ Í ï»¿ Í ï»¿ Í ï»¿ Í ï»¿ Í ï»¿ Í ï»¿ Í ï»¿ Í ï»¿ Í ï»¿ Í ï»¿ Í ï»¿ Í ï»¿ Í ï»¿ Í ï»¿ Í ï»¿ Í ï»¿ Í ï»¿ Í ï»¿ Í ï»¿ Í ï»¿ Í ï»¿ Í ï»¿ Í ï»¿ Í ï»¿ Í ï»¿ Í ï»¿ Í ï»¿ Í ï»¿ Í",Promotional
LinkedIn notifications-noreply@linkedin.com,AI could be your next job interviewerâ€¦,Here&#39;s what&#39;s happened since you were last on LinkedIn Í Í Í Í Í Í Í Í Í Í Í Í Í Í Í Í Í Í Í Í Í Í Í Í Í Í Í Í Í Í Í Í Í Í Í Í Í Í Í Í Í Í Í Í Í Í Í Í Í Í Í Í Í Í Í Í Í Í Í Í Í Í Í Í Í Í Í Í Í,Social
Team Unstop noreply@dare2compete.news,Accenture Internship: Get ready for the upcoming cycle!,"Sneha DL, Ace Your Interview with this Exclusive Prep! ï»¿ Í ï»¿ Í ï»¿ Í ï»¿ Í ï»¿ Í ï»¿ Í ï»¿ Í ï»¿ Í ï»¿ Í ï»¿ Í ï»¿ Í ï»¿ Í ï»¿ Í ï»¿ Í ï»¿ Í ï»¿ Í ï»¿ Í ï»¿ Í ï»¿ Í ï»¿ Í ï»¿ Í ï»¿ Í ï»¿ Í ï»¿ Í ï»¿ Í ï»¿ Í ï»¿ Í ï»¿ Í ï»¿ Í ï»¿ Í ï»¿ Í ï»¿ Í ï»¿ Í ï»¿ Í ï»¿ Í ï»¿ Í ï»¿",Promotional
LinkedIn messages-noreply@linkedin.com,"sowmya, follow Daniela Luque DÃ­az - LinkedIn Coach at Daniela Luque Marca Personal",See your recommendations Í Í Í Í Í Í Í Í Í Í Í Í Í Í Í Í Í Í Í Í Í Í Í Í Í Í Í Í Í Í Í Í Í Í Í Í Í Í Í Í Í Í Í Í Í Í Í Í Í Í Í Í Í Í Í Í Í Í Í Í Í Í Í Í Í Í Í Í Í Í Í Í Í Í Í Í Í Í Í Í Í Í Í Í Í Í Í Í,Social
LinkedIn updates-noreply@linkedin.com,Dr Vishal Pandey ğŸ‡®ğŸ‡³ - ğŸ“8840312167 | LinkedIn Top Voice ğŸ™ï¸| 1+ Crore Impressions | 100K+ Followers | Helping Brands Grow Human Resource | Recruitment Specialist  posted,As a HIRING Manager if I REJECT a candidate. These are the 3 things I would doâ€¦ Í Í Í Í Í Í Í Í Í Í Í Í Í Í Í Í Í Í Í Í Í Í Í Í Í Í Í Í Í Í Í Í Í Í Í Í Í Í Í Í Í Í Í Í Í Í Í Í Í Í Í Í Í Í Í Í Í Í Í Í Í,Other
"""Bajaj HackRx 6.0"" noreply@dare2compete.news",[PPI & 10 Lakhs cash prize] Bajaj Finserv HackRx 6.0 is live,Apply now! ï»¿ Í ï»¿ Í ï»¿ Í ï»¿ Í ï»¿ Í ï»¿ Í ï»¿ Í ï»¿ Í ï»¿ Í ï»¿ Í ï»¿ Í ï»¿ Í ï»¿ Í ï»¿ Í ï»¿ Í ï»¿ Í ï»¿ Í ï»¿ Í ï»¿ Í ï»¿ Í ï»¿ Í ï»¿ Í ï»¿ Í ï»¿ Í ï»¿ Í ï»¿ Í ï»¿ Í ï»¿ Í ï»¿ Í ï»¿ Í ï»¿ Í ï»¿ Í ï»¿ Í ï»¿ Í ï»¿ Í ï»¿ Í ï»¿ Í ï»¿ Í ï»¿ Í ï»¿ Í ï»¿ Í ï»¿ Í ï»¿ Í ï»¿ Í ï»¿ Í ï»¿ Í ï»¿ Í ï»¿,Spam
Unstop Competitions noreply@dare2compete.news,"PPI opportunity & prizes worth INR 2,00,000 up for grabs!",Register now ï»¿ Í ï»¿ Í ï»¿ Í ï»¿ Í ï»¿ Í ï»¿ Í ï»¿ Í ï»¿ Í ï»¿ Í ï»¿ Í ï»¿ Í ï»¿ Í ï»¿ Í ï»¿ Í ï»¿ Í ï»¿ Í ï»¿ Í ï»¿ Í ï»¿ Í ï»¿ Í ï»¿ Í ï»¿ Í ï»¿ Í ï»¿ Í ï»¿ Í ï»¿ Í ï»¿ Í ï»¿ Í ï»¿ Í ï»¿ Í ï»¿ Í ï»¿ Í ï»¿ Í ï»¿ Í ï»¿ Í ï»¿ Í ï»¿ Í ï»¿ Í ï»¿ Í ï»¿ Í ï»¿ Í ï»¿ Í ï»¿ Í ï»¿ Í ï»¿ Í ï»¿ Í ï»¿ Í,Spam
Unstop Practice noreply@dare2compete.news,"Sneha D L, Goldman Sachs is Hiring Interns",Prepare with Unstop Practice. ï»¿ Í ï»¿ Í ï»¿ Í ï»¿ Í ï»¿ Í ï»¿ Í ï»¿ Í ï»¿ Í ï»¿ Í ï»¿ Í ï»¿ Í ï»¿ Í ï»¿ Í ï»¿ Í ï»¿ Í ï»¿ Í ï»¿ Í ï»¿ Í ï»¿ Í ï»¿ Í ï»¿ Í ï»¿ Í ï»¿ Í ï»¿ Í ï»¿ Í ï»¿ Í ï»¿ Í ï»¿ Í ï»¿ Í ï»¿ Í ï»¿ Í ï»¿ Í ï»¿ Í ï»¿ Í ï»¿ Í ï»¿ Í ï»¿ Í ï»¿ Í ï»¿ Í ï»¿ Í ï»¿ Í ï»¿ Í ï»¿ Í,Other
Canva marketing@engage.canva.com,Create a viral dance video. No dancing required. ğŸ˜‰,"Reimagine video creation with Google&#39;s Veo 3, only in Pro. Í â€Œ ï»¿ Í â€Œ ï»¿ Í â€Œ ï»¿ Í â€Œ ï»¿ Í â€Œ ï»¿ Í â€Œ ï»¿ Í â€Œ ï»¿ Í â€Œ ï»¿ Í â€Œ ï»¿ Í â€Œ ï»¿ Í â€Œ ï»¿ Í â€Œ ï»¿ Í â€Œ ï»¿ Í â€Œ ï»¿ Í â€Œ ï»¿ Í â€Œ ï»¿ Í â€Œ ï»¿ Í â€Œ ï»¿ Í â€Œ ï»¿ Í â€Œ ï»¿ Í â€Œ ï»¿ Í â€Œ ï»¿ Í â€Œ ï»¿",Spam
v0 Team ship@info.vercel.com,What will you build with v0?,Check out some of our favorite chats shared by our community.â€Œ â€Œ â€Œ Explore chats shared by our community v0&#39;s chat interface helps you in everything from building interactive games to explanations,Social
Google Cloud Agentic AI Day admin@no-reply.hack2skill.com,Submission Updated for Google Cloud Agentic AI Day,"Dear Sneha DL, We hope this message finds you well. We would like to inform you that there have been updates to your team&#39;s submission for Google Cloud Agentic AI Day. Update Details: - Event Name:",Important
LinkedIn notifications-noreply@linkedin.com,Going the extra mile at work â€” yay orâ€¦,Here&#39;s what&#39;s happened since you were last on LinkedIn Í Í Í Í Í Í Í Í Í Í Í Í Í Í Í Í Í Í Í Í Í Í Í Í Í Í Í Í Í Í Í Í Í Í Í Í Í Í Í Í Í Í Í Í Í Í Í Í Í Í Í Í Í Í Í Í Í Í Í Í Í Í Í Í Í Í Í Í Í,Social
Unstop Igniters noreply@dare2compete.news,"Sneha,Â Not just another club. This one has your name on it.",All you need for that isâ€¦ ï»¿ Í ï»¿ Í ï»¿ Í ï»¿ Í ï»¿ Í ï»¿ Í ï»¿ Í ï»¿ Í ï»¿ Í ï»¿ Í ï»¿ Í ï»¿ Í ï»¿ Í ï»¿ Í ï»¿ Í ï»¿ Í ï»¿ Í ï»¿ Í ï»¿ Í ï»¿ Í ï»¿ Í ï»¿ Í ï»¿ Í ï»¿ Í ï»¿ Í ï»¿ Í ï»¿ Í ï»¿ Í ï»¿ Í ï»¿ Í ï»¿ Í ï»¿ Í ï»¿ Í ï»¿ Í ï»¿ Í ï»¿ Í ï»¿ Í ï»¿ Í ï»¿ Í ï»¿ Í ï»¿ Í ï»¿ Í ï»¿ Í ï»¿ Í,Spam
Google Cloud Agentic AI Day admin@no-reply.hack2skill.com,Submission Updated for Google Cloud Agentic AI Day,"Dear Sneha DL, We hope this message finds you well. We would like to inform you that there have been updates to your team&#39;s submission for Google Cloud Agentic AI Day. Update Details: - Event Name:",Important
Google Cloud Agentic AI Day admin@no-reply.hack2skill.com,Submission Successful for Google Cloud Agentic AI Day,"Dear Sneha DL, We hope this message finds you well. We are thrilled to inform you that your team&#39;s submission for Google Cloud Agentic AI Day has been successfully received! Submission Details: -",Important
Agentic AI Day hello@no-reply.hack2skill.com,"Build tomorrow, today. Finish your agentic AI day registration!",Í â€Œ ï»¿ Í â€Œ ï»¿ Í â€Œ ï»¿ Í â€Œ ï»¿ Í â€Œ ï»¿ Í â€Œ ï»¿ Í â€Œ ï»¿ Í â€Œ ï»¿ Í â€Œ ï»¿ Í â€Œ ï»¿ Í â€Œ ï»¿ Í â€Œ ï»¿ Í â€Œ ï»¿ Í â€Œ ï»¿ Í â€Œ ï»¿ Í â€Œ ï»¿ Í â€Œ ï»¿ Í â€Œ ï»¿ Í â€Œ ï»¿ Í â€Œ ï»¿ Í â€Œ ï»¿ Í â€Œ ï»¿ Í â€Œ ï»¿ Í â€Œ ï»¿ Í â€Œ ï»¿ Í â€Œ ï»¿ Í â€Œ ï»¿ Í â€Œ ï»¿ Í â€Œ ï»¿ Í â€Œ ï»¿ Í â€Œ ï»¿ Í â€Œ ï»¿ Í â€Œ ï»¿ Í â€Œ,Spam
CodePen support@codepen.io,[CodePen Spark] Cool Water for Hot Days,View this issue on CodePen Cool Water for Hot Days This edition of The CodePen Spark is brought to you by AWS Marketplace. Join this webinar from Amazon Web Services (AWS) to explore how gen AI will,Other
Google Cloud Agentic AI Day admin@no-reply.hack2skill.com,Itâ€™s the Final Day â€“ Donâ€™t Let Your Idea Stay Unsubmitted!,"Hi Sneha DL, We&#39;ve officially hit the final day. Your brilliant idea is waiting to be set free. Don&#39;t let it get left behind. Idea Submission Deadline: 10 July 2025, 11:59 PM IST Click Here To",Important
LinkedIn updates-noreply@linkedin.com,Md Mazharul Islam - Steadfast Courier Limited  Manager at Customer Support and Quality Assurance posted,ğ—›ğ—¥: &quot;What is your salary expectation?&quot; Candidate: BDT 35000 to 40000 aâ€¦ Í Í Í Í Í Í Í Í Í Í Í Í Í Í Í Í Í Í Í Í Í Í Í Í Í Í Í Í Í Í Í Í Í Í Í Í Í Í Í Í Í Í Í Í Í Í Í Í Í Í Í Í Í Í Í Í Í Í Í Í,Social
GeeksforGeeks no-reply@geeksforgeeks.org,Nation Skillup- Going LIVE on 15th July!,"Learn. Upskill. Earn. Your next big opportunity is just a click away! Nation Skillup: This is the one you&#39;ve been waiting for! Get access to free courses across the domains of Full Stack, Backend,",Promotional
Google Cloud Agentic AI Day admin@no-reply.hack2skill.com,âš¡ï¸ 1 day left â€“ Donâ€™t watch others take your chance,"Hi Sneha DL, This is it. 1 day left. That&#39;s all you have before the Agentic AI Day idea submission window closes. You&#39;ve done the hard work. Now, all that&#39;s left is to hit submit and claim",Important
Cisco Networking Academy netacademail@external.cisco.com,1 Million Views! Celebrate With Us and Explore Your Future,"View online Cisco Networking Academy Logo Person Using Computer, Find Yourself in the Future Dear Networking Academy Community, We&#39;re excited to share that our Find Yourself in the Future series",Social
Framer noreply@framer.com,Easily transfer your designs with our free Figma plugin! (4 of 4),Install the Figma plugin to copy-paste your assets into Framer seamlessly. Íâ€‹ Íâ€‹ Íâ€‹ Íâ€‹ Íâ€‹ Íâ€‹ Íâ€‹ Íâ€‹ Íâ€‹ Íâ€‹ Íâ€‹ Íâ€‹ Íâ€‹ Íâ€‹ Íâ€‹ Íâ€‹ Íâ€‹ Íâ€‹ Íâ€‹ Íâ€‹ Íâ€‹ Íâ€‹ Íâ€‹ Íâ€‹ Íâ€‹ Íâ€‹ Íâ€‹ Íâ€‹ Íâ€‹ Íâ€‹ Íâ€‹ Íâ€‹ Íâ€‹ Íâ€‹ Íâ€‹ Íâ€‹ Íâ€‹ Íâ€‹ Íâ€‹ Íâ€‹ Íâ€‹ Íâ€‹,Spam
LinkedIn notifications-noreply@linkedin.com,Boost your chances at getting hired withâ€¦,Here&#39;s what&#39;s happened since you were last on LinkedIn Í Í Í Í Í Í Í Í Í Í Í Í Í Í Í Í Í Í Í Í Í Í Í Í Í Í Í Í Í Í Í Í Í Í Í Í Í Í Í Í Í Í Í Í Í Í Í Í Í Í Í Í Í Í Í Í Í Í Í Í Í Í Í Í Í Í Í Í Í,Social
Framer noreply@framer.com,Enhance your Framer experience with free desktop apps! (3 of 4),"Download Framer for Mac or Windows and enjoy a smoother, more seamless experience. Íâ€‹ Íâ€‹ Íâ€‹ Íâ€‹ Íâ€‹ Íâ€‹ Íâ€‹ Íâ€‹ Íâ€‹ Íâ€‹ Íâ€‹ Íâ€‹ Íâ€‹ Íâ€‹ Íâ€‹ Íâ€‹ Íâ€‹ Íâ€‹ Íâ€‹ Íâ€‹ Íâ€‹ Íâ€‹ Íâ€‹ Íâ€‹ Íâ€‹ Íâ€‹ Íâ€‹ Íâ€‹ Íâ€‹ Íâ€‹ Íâ€‹ Íâ€‹ Íâ€‹ Íâ€‹ Íâ€‹ Íâ€‹ Íâ€‹ Íâ€‹ Íâ€‹ Í",Important
v0 Team ship@info.vercel.com,Welcome to v0,"v0 is your AI-powered dev assistant,ï»¿ with the most in-depth knowledge on modern web technologiesï»¿. â€Í Í â€Í Í â€Í Í â€Í Í â€Í Í â€Í Í â€Í Í â€Í Í â€Í Í â€Í Í â€Í Í â€Í Í â€Í Í â€Í Í â€Í Í â€Í Í â€Í Í â€Í Í â€Í Í â€Í Í",Social
LinkedIn updates-noreply@linkedin.com,zanib abbas - Freelance Human Resources Specialist posted,âŒMore than 80 interviews and no one was hired. The main problem is thatâ€¦ Í Í Í Í Í Í Í Í Í Í Í Í Í Í Í Í Í Í Í Í Í Í Í Í Í Í Í Í Í Í Í Í Í Í Í Í Í Í Í Í Í Í Í Í Í Í Í Í Í Í Í Í Í Í Í Í Í Í Í Í Í Í Í Í,Newsletter
Unstop Insights noreply@dare2compete.news,"Sneha,Â join Deloitte Australiaâ€™s Virtual Internship Program now!",Free | 100% Virtual | Open Now ï»¿ Í ï»¿ Í ï»¿ Í ï»¿ Í ï»¿ Í ï»¿ Í ï»¿ Í ï»¿ Í ï»¿ Í ï»¿ Í ï»¿ Í ï»¿ Í ï»¿ Í ï»¿ Í ï»¿ Í ï»¿ Í ï»¿ Í ï»¿ Í ï»¿ Í ï»¿ Í ï»¿ Í ï»¿ Í ï»¿ Í ï»¿ Í ï»¿ Í ï»¿ Í ï»¿ Í ï»¿ Í ï»¿ Í ï»¿ Í ï»¿ Í ï»¿ Í ï»¿ Í ï»¿ Í ï»¿ Í ï»¿ Í ï»¿ Í ï»¿ Í ï»¿ Í ï»¿ Í ï»¿ Í ï»¿ Í ï»¿,Promotional
Google Cloud Agentic AI Day admin@no-reply.hack2skill.com,ğŸš¨ 3 days left â€“ Doors are closing soon,"Hi Sneha DL, Everyone&#39;s talking. Everyone&#39;s ideating. Are you going to join them or just watch from the sidelines? Your chance to submit is closing soon. The deadline to submit your ideas is 10",Important
Framer noreply@framer.com,Jumpstart your website with free and premium templates! (2 of 4),Explore beautiful templates in the Framer Marketplace to quickly build your website. Íâ€‹ Íâ€‹ Íâ€‹ Íâ€‹ Íâ€‹ Íâ€‹ Íâ€‹ Íâ€‹ Íâ€‹ Íâ€‹ Íâ€‹ Íâ€‹ Íâ€‹ Íâ€‹ Íâ€‹ Íâ€‹ Íâ€‹ Íâ€‹ Íâ€‹ Íâ€‹ Íâ€‹ Íâ€‹ Íâ€‹ Íâ€‹ Íâ€‹ Íâ€‹ Íâ€‹ Íâ€‹ Íâ€‹ Íâ€‹ Íâ€‹ Íâ€‹ Íâ€‹ Íâ€‹ Íâ€‹ Íâ€‹ Íâ€‹ Íâ€‹ Íâ€‹,Important
LinkedIn notifications-noreply@linkedin.com,Prepare for unexpected job-interviewâ€¦,Here&#39;s what&#39;s happened since you were last on LinkedIn Í Í Í Í Í Í Í Í Í Í Í Í Í Í Í Í Í Í Í Í Í Í Í Í Í Í Í Í Í Í Í Í Í Í Í Í Í Í Í Í Í Í Í Í Í Í Í Í Í Í Í Í Í Í Í Í Í Í Í Í Í Í Í Í Í Í Í Í Í,Social
Unstop Practice noreply@dare2compete.news,Infosys is hiring in 2025  for 1250+ roles,"Sneha, Boost your selection chances with Unstop Practice! ï»¿ Í ï»¿ Í ï»¿ Í ï»¿ Í ï»¿ Í ï»¿ Í ï»¿ Í ï»¿ Í ï»¿ Í ï»¿ Í ï»¿ Í ï»¿ Í ï»¿ Í ï»¿ Í ï»¿ Í ï»¿ Í ï»¿ Í ï»¿ Í ï»¿ Í ï»¿ Í ï»¿ Í ï»¿ Í ï»¿ Í ï»¿ Í ï»¿ Í ï»¿ Í ï»¿ Í ï»¿ Í ï»¿ Í ï»¿ Í ï»¿ Í ï»¿ Í ï»¿ Í ï»¿ Í ï»¿ Í ï»¿ Í",Important
Google Cloud Agentic AI Day admin@no-reply.hack2skill.com,4 days left: Donâ€™t keep your idea to yourself,"Hi Sneha DL, We need to talk. Your brilliant idea has been patiently waiting for its big moment. But here&#39;s the thing: You can only secure your spot at the 30-hour in-person hackathon if you",Important
Framer noreply@framer.com,Welcome to Framer!  (1 of 4),Get started with our Fundamentals course and discover the power of Framer. Íâ€‹ Íâ€‹ Íâ€‹ Íâ€‹ Íâ€‹ Íâ€‹ Íâ€‹ Íâ€‹ Íâ€‹ Íâ€‹ Íâ€‹ Íâ€‹ Íâ€‹ Íâ€‹ Íâ€‹ Íâ€‹ Íâ€‹ Íâ€‹ Íâ€‹ Íâ€‹ Íâ€‹ Íâ€‹ Íâ€‹ Íâ€‹ Íâ€‹ Íâ€‹ Íâ€‹ Íâ€‹ Íâ€‹ Íâ€‹ Íâ€‹ Íâ€‹ Íâ€‹ Íâ€‹ Íâ€‹ Íâ€‹ Íâ€‹ Íâ€‹ Íâ€‹ Íâ€‹ Íâ€‹ Íâ€‹,Promotional
Vercel system@vercel.com,335039 - Vercel Sign-in Verification,"Verify your email to sign in to Vercel Hello s92703442-4072, We have received a sign-in attempt from Bengaluru, India. To complete the sign-in process; enter the 6-digit code in the original window, or",Social
Firebase firebase-no-reply@google.com,Welcome to Firebase,"View the web version if this email isn&#39;t displaying well. Welcome to Firebase Hi sowmya, Welcome to Firebase! You&#39;re now part of a large community of professional developers, from innovative",Spam
LinkedIn messages-noreply@linkedin.com,"sowmya, follow Sangram Sahoo - DST-INSPIRE Fellow at Department of Science & Technology, Government of India",See your recommendations Í Í Í Í Í Í Í Í Í Í Í Í Í Í Í Í Í Í Í Í Í Í Í Í Í Í Í Í Í Í Í Í Í Í Í Í Í Í Í Í Í Í Í Í Í Í Í Í Í Í Í Í Í Í Í Í Í Í Í Í Í Í Í Í Í Í Í Í Í Í Í Í Í Í Í Í Í Í Í Í Í Í Í Í Í Í Í Í,Newsletter
LinkedIn notifications-noreply@linkedin.com,How to address work gap during jobâ€¦,Here&#39;s what&#39;s happened since you were last on LinkedIn Í Í Í Í Í Í Í Í Í Í Í Í Í Í Í Í Í Í Í Í Í Í Í Í Í Í Í Í Í Í Í Í Í Í Í Í Í Í Í Í Í Í Í Í Í Í Í Í Í Í Í Í Í Í Í Í Í Í Í Í Í Í Í Í Í Í Í Í Í,Social
Google Cloud Agentic AI Day admin@no-reply.hack2skill.com,Thank You for Joining the AMA Session | Next Steps,"Dear Sneha DL, Thank you for participating in our recent Ask Me Anything (AMA) session on Agentic AI! We hope you found the session informative and engaging. We appreciate your thoughtful questions and",Important
Ananyaa from Unstop noreply@dare2compete.news,"Sneha, You could bag a stipend of INR 1 Lakh per month!",If you do this! ï»¿ Í ï»¿ Í ï»¿ Í ï»¿ Í ï»¿ Í ï»¿ Í ï»¿ Í ï»¿ Í ï»¿ Í ï»¿ Í ï»¿ Í ï»¿ Í ï»¿ Í ï»¿ Í ï»¿ Í ï»¿ Í ï»¿ Í ï»¿ Í ï»¿ Í ï»¿ Í ï»¿ Í ï»¿ Í ï»¿ Í ï»¿ Í ï»¿ Í ï»¿ Í ï»¿ Í ï»¿ Í ï»¿ Í ï»¿ Í ï»¿ Í ï»¿ Í ï»¿ Í ï»¿ Í ï»¿ Í ï»¿ Í ï»¿ Í ï»¿ Í ï»¿ Í ï»¿ Í ï»¿ Í ï»¿ Í ï»¿ Í ï»¿ Í ï»¿ Í ï»¿ Í ï»¿,Spam
Google Cloud Agentic AI Day admin@no-reply.hack2skill.com,We are live! Tune in to the Ask me Anything session now!,"Hi Sneha DL, We are LIVE! The Ask me Anything session is now live and we are excited to answer your queries! Join the session to get all your doubts cleared by experts! How to join? Simply log in to",Important
Google Cloud Agentic AI Day admin@no-reply.hack2skill.com,Going live in a few minutes - join the AMA session now!,"Hi Sneha DL, Just a few minutes left for the Agentic AI Day Ask me Anything session! This is your opportunity to get all your queries resolved, get real insights from someone leading developer programs",Important
Google Cloud Agentic AI Day admin@no-reply.hack2skill.com,Join us today for the Ask me Anything session!,"Hi Sneha DL, Today is the day! We&#39;re having the Ask me Anything session today at 4:00 PM IST. Whether you&#39;ve already picked your problem statement or are still figuring things out, this is a",Important
GeeksforGeeks no-reply@geeksforgeeks.org,Free webinar on DSA by Raghav garg,"Struggling with Data Structures &amp; Algorithms (DSA)? Or just looking to strengthen your core concepts? We&#39;ve got just the thing for you. Join Raghav Garg, an expert in DSA and competitive",Promotional
LinkedIn updates-noreply@linkedin.com,Shahzeb Khan (MBA-HRM) - Power International Holding Employee Relations & Payroll Specialist posted,An employee asked if he can WORK from HOME permanently. &quot;As long the workâ€¦ Í Í Í Í Í Í Í Í Í Í Í Í Í Í Í Í Í Í Í Í Í Í Í Í Í Í Í Í Í Í Í Í Í Í Í Í Í Í Í Í Í Í Í Í Í Í Í Í Í Í Í Í Í Í Í Í Í Í Í Í Í,Other
Google Cloud Agentic AI Day admin@no-reply.hack2skill.com,6 days to go â€“ The future is waiting for your idea ğŸŒŸ,"Hi Sneha DL, 6 days left for idea submission. That&#39;s all that stands between you and the chance to present your idea at the 30-hour in-person finale in Bangalore. Have you submitted yet? If not,",Important
Adobe India Hackathon noreply@dare2compete.news,"Sneha,Â Work at Adobe at a stipend of â‚¹1 lac/month!",Only 6 days left - Apply for the Adobe India Hackathon today! ï»¿ Í ï»¿ Í ï»¿ Í ï»¿ Í ï»¿ Í ï»¿ Í ï»¿ Í ï»¿ Í ï»¿ Í ï»¿ Í ï»¿ Í ï»¿ Í ï»¿ Í ï»¿ Í ï»¿ Í ï»¿ Í ï»¿ Í ï»¿ Í ï»¿ Í ï»¿ Í ï»¿ Í ï»¿ Í ï»¿ Í ï»¿ Í ï»¿ Í ï»¿ Í ï»¿ Í ï»¿ Í ï»¿ Í ï»¿ Í ï»¿ Í ï»¿ Í ï»¿ Í ï»¿ Í ï»¿ Í,Promotional
Google Cloud Agentic AI Day admin@no-reply.hack2skill.com,Ask me Anything session - happening tomorrow!,"Hi Sneha DL, The Ask me Anything session for Agentic AI Day is happening tomorrow! Join the session to get your questions answered directly from someone who&#39;s seen great ideas take shape and scale.",Important
Unstop Competitions noreply@dare2compete.news,Bag a PPI with a â‚¹ 1 Lakh stipend per month! | Adobe India Hackathon 2025,Register now ï»¿ Í ï»¿ Í ï»¿ Í ï»¿ Í ï»¿ Í ï»¿ Í ï»¿ Í ï»¿ Í ï»¿ Í ï»¿ Í ï»¿ Í ï»¿ Í ï»¿ Í ï»¿ Í ï»¿ Í ï»¿ Í ï»¿ Í ï»¿ Í ï»¿ Í ï»¿ Í ï»¿ Í ï»¿ Í ï»¿ Í ï»¿ Í ï»¿ Í ï»¿ Í ï»¿ Í ï»¿ Í ï»¿ Í ï»¿ Í ï»¿ Í ï»¿ Í ï»¿ Í ï»¿ Í ï»¿ Í ï»¿ Í ï»¿ Í ï»¿ Í ï»¿ Í ï»¿ Í ï»¿ Í ï»¿ Í ï»¿ Í ï»¿ Í ï»¿ Í ï»¿ Í ï»¿ Í,Spam
Google Payments payments-noreply@google.com,Google Cloud Platform & APIs: Update your tax info,"Google Cloud Platform &amp; APIs Update your tax information To make sure the correct taxes are applied to the Google services you use, please update your tax information for sowmya as soon as possible",Important
LinkedIn notifications-noreply@linkedin.com,Ask this question during your jobâ€¦,Here&#39;s what&#39;s happened since you were last on LinkedIn Í Í Í Í Í Í Í Í Í Í Í Í Í Í Í Í Í Í Í Í Í Í Í Í Í Í Í Í Í Í Í Í Í Í Í Í Í Í Í Í Í Í Í Í Í Í Í Í Í Í Í Í Í Í Í Í Í Í Í Í Í Í Í Í Í Í Í Í Í,Social
Unstop Igniters noreply@dare2compete.news,"Sneha, your campus needs a leader. Is it you? ğŸ¤”",All you need for that isâ€¦ ï»¿ Í ï»¿ Í ï»¿ Í ï»¿ Í ï»¿ Í ï»¿ Í ï»¿ Í ï»¿ Í ï»¿ Í ï»¿ Í ï»¿ Í ï»¿ Í ï»¿ Í ï»¿ Í ï»¿ Í ï»¿ Í ï»¿ Í ï»¿ Í ï»¿ Í ï»¿ Í ï»¿ Í ï»¿ Í ï»¿ Í ï»¿ Í ï»¿ Í ï»¿ Í ï»¿ Í ï»¿ Í ï»¿ Í ï»¿ Í ï»¿ Í ï»¿ Í ï»¿ Í ï»¿ Í ï»¿ Í ï»¿ Í ï»¿ Í ï»¿ Í ï»¿ Í ï»¿ Í ï»¿ Í ï»¿ Í ï»¿ Í ï»¿ Í,Spam
Google Cloud Agentic AI Day admin@no-reply.hack2skill.com,Avoid regret. Submit your idea now!,"Hi Sneha DL, Regret is a deeply upsetting thing. You know, you can avoid feeling regret in one way. That is by submitting your idea for Agentic AI Day. Submit your idea by 10 July, 2025, 11:59 PM IST",Important
Adobe India Hackathon noreply@dare2compete.news,Adobe is hiring interns at INR 1 lakh/Month | Crack the Adobe India hackathon today!,"Sneha, increase your chances of selection! ï»¿ Í ï»¿ Í ï»¿ Í ï»¿ Í ï»¿ Í ï»¿ Í ï»¿ Í ï»¿ Í ï»¿ Í ï»¿ Í ï»¿ Í ï»¿ Í ï»¿ Í ï»¿ Í ï»¿ Í ï»¿ Í ï»¿ Í ï»¿ Í ï»¿ Í ï»¿ Í ï»¿ Í ï»¿ Í ï»¿ Í ï»¿ Í ï»¿ Í ï»¿ Í ï»¿ Í ï»¿ Í ï»¿ Í ï»¿ Í ï»¿ Í ï»¿ Í ï»¿ Í ï»¿ Í ï»¿ Í ï»¿ Í ï»¿ Í ï»¿ Í ï»¿ Í ï»¿",Promotional
Unstop Insights noreply@dare2compete.news,[Last Day] IBMâ€™s SkillsBuild virtual internship 2025 | Apply Today!,Less than 24 hours to go | 4000 seats ï»¿ Í ï»¿ Í ï»¿ Í ï»¿ Í ï»¿ Í ï»¿ Í ï»¿ Í ï»¿ Í ï»¿ Í ï»¿ Í ï»¿ Í ï»¿ Í ï»¿ Í ï»¿ Í ï»¿ Í ï»¿ Í ï»¿ Í ï»¿ Í ï»¿ Í ï»¿ Í ï»¿ Í ï»¿ Í ï»¿ Í ï»¿ Í ï»¿ Í ï»¿ Í ï»¿ Í ï»¿ Í ï»¿ Í ï»¿ Í ï»¿ Í ï»¿ Í ï»¿ Í ï»¿ Í ï»¿ Í ï»¿ Í ï»¿ Í ï»¿ Í ï»¿ Í ï»¿ Í ï»¿ Í,Important
LinkedIn updates-noreply@linkedin.com,Rimjhim Agrawal - TwoSpoon Growth posted,"The reason I don&#39;t reply to some DMs is not because I am rude, I just don&#39;tâ€¦ Í Í Í Í Í Í Í Í Í Í Í Í Í Í Í Í Í Í Í Í Í Í Í Í Í Í Í Í Í Í Í Í Í Í Í Í Í Í Í Í Í Í Í Í Í Í Í Í Í Í Í Í Í Í Í Í Í Í",Other
Google Cloud Agentic AI Day admin@no-reply.hack2skill.com,Join the AMA Session for the Agentic AI Day!,"Dear Sneha DL, Mark your calendars! We&#39;re hosting an Ask Me Anything (AMA) Session on Agentic AI this Saturday, July 5th from 4:00-5:00 PM. Why attend? Get answers to your questions around the",Important
Canva marketing@engage.canva.com,"A surprise inside: Custom picks for you, Sowmya",Your personalized design recommendations are here! Í â€Œ ï»¿ Í â€Œ ï»¿ Í â€Œ ï»¿ Í â€Œ ï»¿ Í â€Œ ï»¿ Í â€Œ ï»¿ Í â€Œ ï»¿ Í â€Œ ï»¿ Í â€Œ ï»¿ Í â€Œ ï»¿ Í â€Œ ï»¿ Í â€Œ ï»¿ Í â€Œ ï»¿ Í â€Œ ï»¿ Í â€Œ ï»¿ Í â€Œ ï»¿ Í â€Œ ï»¿ Í â€Œ ï»¿ Í â€Œ ï»¿ Í â€Œ ï»¿ Í â€Œ ï»¿ Í â€Œ ï»¿ Í â€Œ ï»¿ Í â€Œ ï»¿ Í â€Œ ï»¿,Promotional
Adobe India Hackathon noreply@dare2compete.news,Adobe India Hackathon 2025 is waiting for you!,With a PPI offer! ï»¿ Í ï»¿ Í ï»¿ Í ï»¿ Í ï»¿ Í ï»¿ Í ï»¿ Í ï»¿ Í ï»¿ Í ï»¿ Í ï»¿ Í ï»¿ Í ï»¿ Í ï»¿ Í ï»¿ Í ï»¿ Í ï»¿ Í ï»¿ Í ï»¿ Í ï»¿ Í ï»¿ Í ï»¿ Í ï»¿ Í ï»¿ Í ï»¿ Í ï»¿ Í ï»¿ Í ï»¿ Í ï»¿ Í ï»¿ Í ï»¿ Í ï»¿ Í ï»¿ Í ï»¿ Í ï»¿ Í ï»¿ Í ï»¿ Í ï»¿ Í ï»¿ Í ï»¿ Í ï»¿ Í ï»¿ Í ï»¿ Í ï»¿ Í ï»¿ Í ï»¿ Í,Promotional
Google Cloud Agentic AI Day admin@no-reply.hack2skill.com,We care about your happiness and success,"Hi Sneha DL, You know we care about your happiness and success, right? We can think of one incredible way that can make you happy and contribute to your success. Agentic AI Day is your chance to make",Important
Unstop Practice noreply@dare2compete.news,Tata Motors is Hiring (CTC upto â‚¹25 LPA): Boost your chances with Unstop Practice.,"Sneha, get ahead of your peers with Unstop Practice ï»¿ Í ï»¿ Í ï»¿ Í ï»¿ Í ï»¿ Í ï»¿ Í ï»¿ Í ï»¿ Í ï»¿ Í ï»¿ Í ï»¿ Í ï»¿ Í ï»¿ Í ï»¿ Í ï»¿ Í ï»¿ Í ï»¿ Í ï»¿ Í ï»¿ Í ï»¿ Í ï»¿ Í ï»¿ Í ï»¿ Í ï»¿ Í ï»¿ Í ï»¿ Í ï»¿ Í ï»¿ Í ï»¿ Í ï»¿ Í ï»¿ Í ï»¿ Í ï»¿ Í ï»¿ Í ï»¿ Í ï»¿ Í ï»¿ Í ï»¿",Other
Lovable hi@lovable.dev,"Lovable Update â€“ Agent Mode (Beta), Free Collaboration & More","Lovable Update â€” June 2025 Hey, In the last few weeks we&#39;ve made some big changes and improvements you should know about! Check it out: Agent Mode (Beta): enabling Lovable to think, plan, and take",Newsletter
GeeksforGeeks no-reply@geeksforgeeks.org,This ends tonight! âŒ›,"DSA, Full-Stack, Backend, Data Analytics, ML &amp; AI- All popular in-demand programs are on offer. Don&#39;t miss out! Explore Programs &amp; Avail Offer Already availed the offer? You&#39;re set!",Promotional
LinkedIn notifications-noreply@linkedin.com,How you wrap up your job interviewâ€¦,Here&#39;s what&#39;s happened since you were last on LinkedIn Í Í Í Í Í Í Í Í Í Í Í Í Í Í Í Í Í Í Í Í Í Í Í Í Í Í Í Í Í Í Í Í Í Í Í Í Í Í Í Í Í Í Í Í Í Í Í Í Í Í Í Í Í Í Í Í Í Í Í Í Í Í Í Í Í Í Í Í Í,Social
Unstop Hiring Hub noreply@dare2compete.news,"Adobe is hiring interns at a stipend of INR 1,00,000!",Apply Today! ï»¿ Í ï»¿ Í ï»¿ Í ï»¿ Í ï»¿ Í ï»¿ Í ï»¿ Í ï»¿ Í ï»¿ Í ï»¿ Í ï»¿ Í ï»¿ Í ï»¿ Í ï»¿ Í ï»¿ Í ï»¿ Í ï»¿ Í ï»¿ Í ï»¿ Í ï»¿ Í ï»¿ Í ï»¿ Í ï»¿ Í ï»¿ Í ï»¿ Í ï»¿ Í ï»¿ Í ï»¿ Í ï»¿ Í ï»¿ Í ï»¿ Í ï»¿ Í ï»¿ Í ï»¿ Í ï»¿ Í ï»¿ Í ï»¿ Í ï»¿ Í ï»¿ Í ï»¿ Í ï»¿ Í ï»¿ Í ï»¿ Í ï»¿ Í ï»¿ Í ï»¿ Í ï»¿ Í,Spam
Google Cloud Agentic AI Day admin@no-reply.hack2skill.com,Bold ideas change the game. Yours could be next.,"Hi Sneha DL, The problem statements are live. Choose the one that inspires you, think boldly, and send us your idea. Submit your idea by 10 July, 2025, 11:59 PM IST What to submit Select problem",Important
Unstop Competitions noreply@dare2compete.news,Bag PPOs with CTC upto INR 27 LPA | Juspay Hiring Challenge 2025,Register now ï»¿ Í ï»¿ Í ï»¿ Í ï»¿ Í ï»¿ Í ï»¿ Í ï»¿ Í ï»¿ Í ï»¿ Í ï»¿ Í ï»¿ Í ï»¿ Í ï»¿ Í ï»¿ Í ï»¿ Í ï»¿ Í ï»¿ Í ï»¿ Í ï»¿ Í ï»¿ Í ï»¿ Í ï»¿ Í ï»¿ Í ï»¿ Í ï»¿ Í ï»¿ Í ï»¿ Í ï»¿ Í ï»¿ Í ï»¿ Í ï»¿ Í ï»¿ Í ï»¿ Í ï»¿ Í ï»¿ Í ï»¿ Í ï»¿ Í ï»¿ Í ï»¿ Í ï»¿ Í ï»¿ Í ï»¿ Í ï»¿ Í ï»¿ Í ï»¿ Í ï»¿ Í ï»¿ Í,Other
CodePen support@codepen.io,"CSS Backrooms, The Superellipse, and 3D Interactions","View this issue on CodePen CSS Backrooms, The Superellipse, and 3D Interactions This week&#39;s CodePen community highlights include a jawdropping CSS Backrooms game from Ben Evans, a deep dive into",Newsletter
LinkedIn updates-noreply@linkedin.com,Shahzeb Khan (MBA-HRM) - Power International Holding Employee Relations & Payroll Specialist posted,An employee asked if he can WORK from HOME permanently. &quot;As long the workâ€¦ Í Í Í Í Í Í Í Í Í Í Í Í Í Í Í Í Í Í Í Í Í Í Í Í Í Í Í Í Í Í Í Í Í Í Í Í Í Í Í Í Í Í Í Í Í Í Í Í Í Í Í Í Í Í Í Í Í Í Í Í Í,Other
Google Cloud Agentic AI Day admin@no-reply.hack2skill.com,[Important] Updates and reminders!,"Hi Sneha DL, We&#39;re moving full speed ahead towards Agentic AI Day 2025, and we have some important updates and reminders for you. Join the repost campaign â€“ Tell us what you envision for Agentic AI",Important
LinkedIn notifications-noreply@linkedin.com,Should you include your interests in theâ€¦,Here&#39;s what&#39;s happened since you were last on LinkedIn Í Í Í Í Í Í Í Í Í Í Í Í Í Í Í Í Í Í Í Í Í Í Í Í Í Í Í Í Í Í Í Í Í Í Í Í Í Í Í Í Í Í Í Í Í Í Í Í Í Í Í Í Í Í Í Í Í Í Í Í Í Í Í Í Í Í Í Í Í,Social
"""Turbologo.com"" support@turbologo.com",Do you have issues with payment?,"Instagram icon Pinterest icon Facebook icon Do you have issues with payment? We just want to make sure, that you don&#39;t have issues with payment processing. If you have any questions or issues, just",Social
LinkedIn notifications-noreply@linkedin.com,Ease into your job search by setting aâ€¦,Here&#39;s what&#39;s happened since you were last on LinkedIn Í Í Í Í Í Í Í Í Í Í Í Í Í Í Í Í Í Í Í Í Í Í Í Í Í Í Í Í Í Í Í Í Í Í Í Í Í Í Í Í Í Í Í Í Í Í Í Í Í Í Í Í Í Í Í Í Í Í Í Í Í Í Í Í Í Í Í Í Í,Social
Google Cloud Agentic AI Day admin@no-reply.hack2skill.com,Wrap-Up: Agentic AI Day Problem Statement Explainer Session + Key FAQs!,"Dear Sneha DL, Thank you for joining us for the Problem Statement Explainer Session! Revealing the Venue: The venue for the 30 hours in-person hackathon for the shortlisted teams is Bangalore",Important
Google Cloud Agentic AI Day admin@no-reply.hack2skill.com,We are live! Join the session now,"Hi Sneha DL, We are LIVE! Join the problem statement explainer session now! Why tune in? Get a clear overview of the problem statements, so you know exactly what to solve. Join a live Q&amp;A with",Important
Google Cloud Agentic AI Day admin@no-reply.hack2skill.com,Starting soon: Join the problem statement explainer session now!,"Hi Sneha DL, The problem statement explainer session is starting in just a few minutes. Join the session at 4:00 PM to get all the clarity you need! Why tune in? Get a clear overview of the problem",Important
Google Cloud Agentic AI Day admin@no-reply.hack2skill.com,Happening today: Problem statement explainer session. Join us at 4 PM,"Hi Sneha DL, As you may have seen, the problem statements are officially out, and you are now one step closer to building an AI agent that changes everything! To ensure you&#39;re fully equipped to",Important
Google Cloud Agentic AI Day admin@no-reply.hack2skill.com,Problem Statements are LIVE for Agentic AI Day!,"Hi Sneha DL, Get ready to put your AI skills to the test! We&#39;re thrilled to announce that the problem statements for Agentic AI Day are now officially released! You can explore them by simply",Important
LinkedIn updates-noreply@linkedin.com,Suryansh Sharma - Webplat Technologies Pvt. Ltd. Business Analyst posted,Rejected! Your salary is too high â€” Rejected You&#39;re over 40 â€” Rejected Youâ€¦ Í Í Í Í Í Í Í Í Í Í Í Í Í Í Í Í Í Í Í Í Í Í Í Í Í Í Í Í Í Í Í Í Í Í Í Í Í Í Í Í Í Í Í Í Í Í Í Í Í Í Í Í Í Í Í Í Í Í Í Í Í,Social
LinkedIn messages-noreply@linkedin.com,"sowmya, follow Daniela Luque DÃ­az - LinkedIn Coach at Daniela Luque Marca Personal",See your recommendations Í Í Í Í Í Í Í Í Í Í Í Í Í Í Í Í Í Í Í Í Í Í Í Í Í Í Í Í Í Í Í Í Í Í Í Í Í Í Í Í Í Í Í Í Í Í Í Í Í Í Í Í Í Í Í Í Í Í Í Í Í Í Í Í Í Í Í Í Í Í Í Í Í Í Í Í Í Í Í Í Í Í Í Í Í Í Í Í,Social
LinkedIn notifications-noreply@linkedin.com,Craft your CV using AI with these expertâ€¦,Here&#39;s what&#39;s happened since you were last on LinkedIn Í Í Í Í Í Í Í Í Í Í Í Í Í Í Í Í Í Í Í Í Í Í Í Í Í Í Í Í Í Í Í Í Í Í Í Í Í Í Í Í Í Í Í Í Í Í Í Í Í Í Í Í Í Í Í Í Í Í Í Í Í Í Í Í Í Í Í Í Í,Social
Google no-reply@accounts.google.com,Help strengthen the security of your Google Account,Add a recovery email s92703442@gmail.com Google can use your recovery email to make sure it&#39;s really you if you get locked out of your account or if we notice suspicious activity. Add a recovery,Important
Canva marketing@engage.canva.com,"Hey Sowmya, we miss you...",It&#39;s been a while! What do you want to focus on next? Í â€Œ ï»¿ Í â€Œ ï»¿ Í â€Œ ï»¿ Í â€Œ ï»¿ Í â€Œ ï»¿ Í â€Œ ï»¿ Í â€Œ ï»¿ Í â€Œ ï»¿ Í â€Œ ï»¿ Í â€Œ ï»¿ Í â€Œ ï»¿ Í â€Œ ï»¿ Í â€Œ ï»¿ Í â€Œ ï»¿ Í â€Œ ï»¿ Í â€Œ ï»¿ Í â€Œ ï»¿ Í â€Œ ï»¿ Í â€Œ ï»¿ Í â€Œ ï»¿ Í â€Œ ï»¿ Í â€Œ ï»¿ Í â€Œ ï»¿ Í â€Œ ï»¿,Social
LeetCode no-reply@leetcode.com,"Sneha_DL, Join Your First Contest and Win 200 LeetCoins!","Join Your First Contest! Saturday, June 28 ï»¿ï»¿Don&#39;t think you&#39;re ready for interviews yet? Contests are the best way to gauge how well-prepared you are and to simulate the environment of a real",Social
LinkedIn updates-noreply@linkedin.com,MD Rezanur Rahman - Hop Lun Merchandiser posted,"Story: &quot;He changed jobs frequently â€“ so quit!&quot; HR: Sir, the candidates areâ€¦ Í Í Í Í Í Í Í Í Í Í Í Í Í Í Í Í Í Í Í Í Í Í Í Í Í Í Í Í Í Í Í Í Í Í Í Í Í Í Í Í Í Í Í Í Í Í Í Í Í Í Í Í Í Í Í Í Í Í",Other
CodePen support@codepen.io,"CSS Color Functions, Glow Effects, and Hypnotic Loaders","View this issue on CodePen CSS Color Functions, Glow Effects, and Hypnotic Loaders This week&#39;s CodePen community highlights include a comprehensive rundown on CSS color functions from Sunkanmi",Newsletter
LinkedIn updates-noreply@linkedin.com,Khushboo ZubairğŸ¦‹ - BSD Technologies (Pvt.) Ltd. Human Resource Executive  posted,Everyone talks about HR ghosting candidates â€” but what about the other side ofâ€¦ Í Í Í Í Í Í Í Í Í Í Í Í Í Í Í Í Í Í Í Í Í Í Í Í Í Í Í Í Í Í Í Í Í Í Í Í Í Í Í Í Í Í Í Í Í Í Í Í Í Í Í Í Í Í Í Í Í Í Í Í Í,Social
LinkedIn notifications-noreply@linkedin.com,Overqualified for a job? Try theseâ€¦,Here&#39;s what&#39;s happened since you were last on LinkedIn Í Í Í Í Í Í Í Í Í Í Í Í Í Í Í Í Í Í Í Í Í Í Í Í Í Í Í Í Í Í Í Í Í Í Í Í Í Í Í Í Í Í Í Í Í Í Í Í Í Í Í Í Í Í Í Í Í Í Í Í Í Í Í Í Í Í Í Í Í,Social
LinkedIn notifications-noreply@linkedin.com,Don't wait to update your resume untilâ€¦,Here&#39;s what&#39;s happened since you were last on LinkedIn Í Í Í Í Í Í Í Í Í Í Í Í Í Í Í Í Í Í Í Í Í Í Í Í Í Í Í Í Í Í Í Í Í Í Í Í Í Í Í Í Í Í Í Í Í Í Í Í Í Í Í Í Í Í Í Í Í Í Í Í Í Í Í Í Í Í Í Í Í,Social
Unstop Practice noreply@dare2compete.news,Get KPMG Ready in 5 Days!,"Sneha, real PYQs + AI mock interviews &amp; tests ï»¿ Í ï»¿ Í ï»¿ Í ï»¿ Í ï»¿ Í ï»¿ Í ï»¿ Í ï»¿ Í ï»¿ Í ï»¿ Í ï»¿ Í ï»¿ Í ï»¿ Í ï»¿ Í ï»¿ Í ï»¿ Í ï»¿ Í ï»¿ Í ï»¿ Í ï»¿ Í ï»¿ Í ï»¿ Í ï»¿ Í ï»¿ Í ï»¿ Í ï»¿ Í ï»¿ Í ï»¿ Í ï»¿ Í ï»¿ Í ï»¿ Í ï»¿ Í ï»¿ Í ï»¿ Í ï»¿ Í ï»¿ Í ï»¿ Í ï»¿ Í",Promotional
LinkedIn messages-noreply@linkedin.com,"sowmya, follow Sangram Sahoo - DST-INSPIRE Fellow at Department of Science & Technology, Government of India",See your recommendations Í Í Í Í Í Í Í Í Í Í Í Í Í Í Í Í Í Í Í Í Í Í Í Í Í Í Í Í Í Í Í Í Í Í Í Í Í Í Í Í Í Í Í Í Í Í Í Í Í Í Í Í Í Í Í Í Í Í Í Í Í Í Í Í Í Í Í Í Í Í Í Í Í Í Í Í Í Í Í Í Í Í Í Í Í Í Í Í,Newsletter
LinkedIn updates-noreply@linkedin.com,Jitender Girdhar - Leading Edge Writer posted,A toxic job with great perks is still toxic. No salary or title can replaceâ€¦ Í Í Í Í Í Í Í Í Í Í Í Í Í Í Í Í Í Í Í Í Í Í Í Í Í Í Í Í Í Í Í Í Í Í Í Í Í Í Í Í Í Í Í Í Í Í Í Í Í Í Í Í Í Í Í Í Í Í Í Í Í Í,Spam
LinkedIn notifications-noreply@linkedin.com,Acing job interviews: Show what you canâ€¦,Here&#39;s what&#39;s happened since you were last on LinkedIn Í Í Í Í Í Í Í Í Í Í Í Í Í Í Í Í Í Í Í Í Í Í Í Í Í Í Í Í Í Í Í Í Í Í Í Í Í Í Í Í Í Í Í Í Í Í Í Í Í Í Í Í Í Í Í Í Í Í Í Í Í Í Í Í Í Í Í Í Í,Social
LinkedIn notifications-noreply@linkedin.com,Ask purpose-driven questions during theâ€¦,Here&#39;s what&#39;s happened since you were last on LinkedIn Í Í Í Í Í Í Í Í Í Í Í Í Í Í Í Í Í Í Í Í Í Í Í Í Í Í Í Í Í Í Í Í Í Í Í Í Í Í Í Í Í Í Í Í Í Í Í Í Í Í Í Í Í Í Í Í Í Í Í Í Í Í Í Í Í Í Í Í Í,Social
Unstop Practice noreply@dare2compete.news,Placements coming? Prep smarter with Unstopâ€™s AI-Powered Mock Interviews,"Sneha, get ahead of your peers with Unstop Practice ï»¿ Í ï»¿ Í ï»¿ Í ï»¿ Í ï»¿ Í ï»¿ Í ï»¿ Í ï»¿ Í ï»¿ Í ï»¿ Í ï»¿ Í ï»¿ Í ï»¿ Í ï»¿ Í ï»¿ Í ï»¿ Í ï»¿ Í ï»¿ Í ï»¿ Í ï»¿ Í ï»¿ Í ï»¿ Í ï»¿ Í ï»¿ Í ï»¿ Í ï»¿ Í ï»¿ Í ï»¿ Í ï»¿ Í ï»¿ Í ï»¿ Í ï»¿ Í ï»¿ Í ï»¿ Í ï»¿ Í ï»¿ Í ï»¿ Í ï»¿",Promotional
LeetCode no-reply@leetcode.com,"Sneha_DL, Join Your First Contest and Win 200 LeetCoins!","Join Your First Contest! Saturday, June 21 ï»¿ï»¿Don&#39;t think you&#39;re ready for interviews yet? Contests are the best way to gauge how well-prepared you are and to simulate the environment of a real",Social
CodePen support@codepen.io,[CodePen Spark] 13 Pens for 13 Years of CodePen,View this issue on CodePen 13 Pens for 13 Years of CodePen This edition of The CodePen Spark is brought to you by AWS Marketplace. Join this webinar from Amazon Web Services (AWS) to explore how gen AI,Social
Cisco Networking Academy netacademail@external.cisco.com,How AI & IoT Are Transforming Everythingâ€”from Shipping to Stadiums,"View online See How AI &amp; IoT Are Redefining the Real World From global shipping to live concerts, AI and IoT are no longer future techâ€”they&#39;re powering transformation right now. Want to see",Spam
Adobe India Hackathon noreply@dare2compete.news,"Sneha,Â Adobe is hiring interns at INR 1 lakh stipend.",Adobe India Hackathon- Apply now! ï»¿ Í ï»¿ Í ï»¿ Í ï»¿ Í ï»¿ Í ï»¿ Í ï»¿ Í ï»¿ Í ï»¿ Í ï»¿ Í ï»¿ Í ï»¿ Í ï»¿ Í ï»¿ Í ï»¿ Í ï»¿ Í ï»¿ Í ï»¿ Í ï»¿ Í ï»¿ Í ï»¿ Í ï»¿ Í ï»¿ Í ï»¿ Í ï»¿ Í ï»¿ Í ï»¿ Í ï»¿ Í ï»¿ Í ï»¿ Í ï»¿ Í ï»¿ Í ï»¿ Í ï»¿ Í ï»¿ Í ï»¿ Í ï»¿ Í ï»¿ Í ï»¿ Í ï»¿ Í ï»¿ Í ï»¿ Í,Spam
Untangle by Unstop noreply@dare2compete.news,"Bag PPIs at Adobe with an INR 1,00,000 stipend per month! | Know more!",You need this ï»¿ Í ï»¿ Í ï»¿ Í ï»¿ Í ï»¿ Í ï»¿ Í ï»¿ Í ï»¿ Í ï»¿ Í ï»¿ Í ï»¿ Í ï»¿ Í ï»¿ Í ï»¿ Í ï»¿ Í ï»¿ Í ï»¿ Í ï»¿ Í ï»¿ Í ï»¿ Í ï»¿ Í ï»¿ Í ï»¿ Í ï»¿ Í ï»¿ Í ï»¿ Í ï»¿ Í ï»¿ Í ï»¿ Í ï»¿ Í ï»¿ Í ï»¿ Í ï»¿ Í ï»¿ Í ï»¿ Í ï»¿ Í ï»¿ Í ï»¿ Í ï»¿ Í ï»¿ Í ï»¿ Í ï»¿ Í ï»¿ Í ï»¿ Í ï»¿ Í ï»¿ Í ï»¿ Í,Spam
LinkedIn notifications-noreply@linkedin.com,Ace job interviews with these expertâ€¦,Here&#39;s what&#39;s happened since you were last on LinkedIn Í Í Í Í Í Í Í Í Í Í Í Í Í Í Í Í Í Í Í Í Í Í Í Í Í Í Í Í Í Í Í Í Í Í Í Í Í Í Í Í Í Í Í Í Í Í Í Í Í Í Í Í Í Í Í Í Í Í Í Í Í Í Í Í Í Í Í Í Í,Social
"""Joel @ ngrok"" team@m.ngrok.com",We're going live tomorrow... got questions about using ngrok like a pro?,Get ready for a live workshop with self-hosted n8n as our foundationâ€”starts at 10am PT. View in browser ngrok-office-hours Hey s92703442@gmail.com! We&#39;re going live tomorrow for the next Office,Other
Adobe India Hackathon noreply@dare2compete.news,"Sneha,Â Adobe is hiring through a coding challenge",INR 1 lac/month stipend ï»¿ Í ï»¿ Í ï»¿ Í ï»¿ Í ï»¿ Í ï»¿ Í ï»¿ Í ï»¿ Í ï»¿ Í ï»¿ Í ï»¿ Í ï»¿ Í ï»¿ Í ï»¿ Í ï»¿ Í ï»¿ Í ï»¿ Í ï»¿ Í ï»¿ Í ï»¿ Í ï»¿ Í ï»¿ Í ï»¿ Í ï»¿ Í ï»¿ Í ï»¿ Í ï»¿ Í ï»¿ Í ï»¿ Í ï»¿ Í ï»¿ Í ï»¿ Í ï»¿ Í ï»¿ Í ï»¿ Í ï»¿ Í ï»¿ Í ï»¿ Í ï»¿ Í ï»¿ Í ï»¿ Í ï»¿ Í ï»¿ Í ï»¿ Í ï»¿,Other
LinkedIn messages-noreply@linkedin.com,"sowmya, youâ€™re on a roll on LinkedIn!",Recommended actions for you Í Í Í Í Í Í Í Í Í Í Í Í Í Í Í Í Í Í Í Í Í Í Í Í Í Í Í Í Í Í Í Í Í Í Í Í Í Í Í Í Í Í Í Í Í Í Í Í Í Í Í Í Í Í Í Í Í Í Í Í Í Í Í Í Í Í Í Í Í Í Í Í Í Í Í Í Í Í Í Í Í Í Í Í Í Í Í,Social
LinkedIn messages-noreply@linkedin.com,LinkedIn is better on the app,Never miss an update Í Í Í Í Í Í Í Í Í Í Í Í Í Í Í Í Í Í Í Í Í Í Í Í Í Í Í Í Í Í Í Í Í Í Í Í Í Í Í Í Í Í Í Í Í Í Í Í Í Í Í Í Í Í Í Í Í Í Í Í Í Í Í Í Í Í Í Í Í Í Í Í Í Í Í Í Í Í Í Í Í Í Í Í Í Í Í Í Í Í,Other
Unstop Competitions noreply@dare2compete.news,Bag PPIs through the Adobe India Hackathon 2025!,Register now ï»¿ Í ï»¿ Í ï»¿ Í ï»¿ Í ï»¿ Í ï»¿ Í ï»¿ Í ï»¿ Í ï»¿ Í ï»¿ Í ï»¿ Í ï»¿ Í ï»¿ Í ï»¿ Í ï»¿ Í ï»¿ Í ï»¿ Í ï»¿ Í ï»¿ Í ï»¿ Í ï»¿ Í ï»¿ Í ï»¿ Í ï»¿ Í ï»¿ Í ï»¿ Í ï»¿ Í ï»¿ Í ï»¿ Í ï»¿ Í ï»¿ Í ï»¿ Í ï»¿ Í ï»¿ Í ï»¿ Í ï»¿ Í ï»¿ Í ï»¿ Í ï»¿ Í ï»¿ Í ï»¿ Í ï»¿ Í ï»¿ Í ï»¿ Í ï»¿ Í ï»¿ Í ï»¿ Í,Other
CodePen support@codepen.io,"SVG Decoded, 3D Lighting, and corner-shape","View this issue on CodePen SVG Decoded, 3D Lighting, and corner-shape This week&#39;s CodePen community highlights include two awesome tutorials: Myriam Frisano decodes the SVG path element, and Julia",Newsletter
Unstop Hiring Hub noreply@dare2compete.news,"Work with Walter P Moore at stipend up to INR 25,000 (via Glassdoor)",Apply today! ï»¿ Í ï»¿ Í ï»¿ Í ï»¿ Í ï»¿ Í ï»¿ Í ï»¿ Í ï»¿ Í ï»¿ Í ï»¿ Í ï»¿ Í ï»¿ Í ï»¿ Í ï»¿ Í ï»¿ Í ï»¿ Í ï»¿ Í ï»¿ Í ï»¿ Í ï»¿ Í ï»¿ Í ï»¿ Í ï»¿ Í ï»¿ Í ï»¿ Í ï»¿ Í ï»¿ Í ï»¿ Í ï»¿ Í ï»¿ Í ï»¿ Í ï»¿ Í ï»¿ Í ï»¿ Í ï»¿ Í ï»¿ Í ï»¿ Í ï»¿ Í ï»¿ Í ï»¿ Í ï»¿ Í ï»¿ Í ï»¿ Í ï»¿ Í ï»¿ Í ï»¿ Í ï»¿ Í,Spam
LinkedIn updates-noreply@linkedin.com,Abhisake Dutta - Creator Growth Lab by Abhisake Dutta Founder posted,"Once an employee gives notice, it&#39;s too late. People don&#39;t quit jobs, theyâ€¦ Í Í Í Í Í Í Í Í Í Í Í Í Í Í Í Í Í Í Í Í Í Í Í Í Í Í Í Í Í Í Í Í Í Í Í Í Í Í Í Í Í Í Í Í Í Í Í Í Í Í Í Í Í Í Í Í Í Í Í",Other
Ritika from Unstop noreply@dare2compete.news,"Sneha, from DSA to Offer Letter, this is your shortcut!",Placements are near. The right mentor can help you get there faster. ï»¿ Í ï»¿ Í ï»¿ Í ï»¿ Í ï»¿ Í ï»¿ Í ï»¿ Í ï»¿ Í ï»¿ Í ï»¿ Í ï»¿ Í ï»¿ Í ï»¿ Í ï»¿ Í ï»¿ Í ï»¿ Í ï»¿ Í ï»¿ Í ï»¿ Í ï»¿ Í ï»¿ Í ï»¿ Í ï»¿ Í ï»¿ Í ï»¿ Í ï»¿ Í ï»¿ Í ï»¿ Í ï»¿ Í ï»¿ Í ï»¿ Í ï»¿ Í ï»¿ Í,Promotional
Unstop Insights noreply@dare2compete.news,[Competition alert] Operation Sindoor Essay Contest by the Government of India,Open to all | Register now ï»¿ Í ï»¿ Í ï»¿ Í ï»¿ Í ï»¿ Í ï»¿ Í ï»¿ Í ï»¿ Í ï»¿ Í ï»¿ Í ï»¿ Í ï»¿ Í ï»¿ Í ï»¿ Í ï»¿ Í ï»¿ Í ï»¿ Í ï»¿ Í ï»¿ Í ï»¿ Í ï»¿ Í ï»¿ Í ï»¿ Í ï»¿ Í ï»¿ Í ï»¿ Í ï»¿ Í ï»¿ Í ï»¿ Í ï»¿ Í ï»¿ Í ï»¿ Í ï»¿ Í ï»¿ Í ï»¿ Í ï»¿ Í ï»¿ Í ï»¿ Í ï»¿ Í ï»¿ Í ï»¿ Í ï»¿ Í ï»¿ Í ï»¿,Promotional
Unstop Hiring Hub noreply@dare2compete.news,"INR 40,000 (stipend via Glassdoor) worth role at Hilton | Be an early applicant",Apply today! ï»¿ Í ï»¿ Í ï»¿ Í ï»¿ Í ï»¿ Í ï»¿ Í ï»¿ Í ï»¿ Í ï»¿ Í ï»¿ Í ï»¿ Í ï»¿ Í ï»¿ Í ï»¿ Í ï»¿ Í ï»¿ Í ï»¿ Í ï»¿ Í ï»¿ Í ï»¿ Í ï»¿ Í ï»¿ Í ï»¿ Í ï»¿ Í ï»¿ Í ï»¿ Í ï»¿ Í ï»¿ Í ï»¿ Í ï»¿ Í ï»¿ Í ï»¿ Í ï»¿ Í ï»¿ Í ï»¿ Í ï»¿ Í ï»¿ Í ï»¿ Í ï»¿ Í ï»¿ Í ï»¿ Í ï»¿ Í ï»¿ Í ï»¿ Í ï»¿ Í ï»¿ Í ï»¿ Í,Spam
Unstop Campus Ambassadors noreply@dare2compete.news,"Sneha,Â Swapna Did It. So Can You â€“ Become an Unstop Campus Ambassador Today!","Unstop logo Hi Sneha, We had a perfectly written email ready to launch our new Campus Ambassador Program. But then our Student Director, Swapna, crafted something so beautiful that we couldn&#39;t",Other
Unstop Insights noreply@dare2compete.news,"Sneha,Â top tech firms seek â€˜vibeâ€™ coders. Are you ready?",This trending skill is opening new doors at top firms. ï»¿ Í ï»¿ Í ï»¿ Í ï»¿ Í ï»¿ Í ï»¿ Í ï»¿ Í ï»¿ Í ï»¿ Í ï»¿ Í ï»¿ Í ï»¿ Í ï»¿ Í ï»¿ Í ï»¿ Í ï»¿ Í ï»¿ Í ï»¿ Í ï»¿ Í ï»¿ Í ï»¿ Í ï»¿ Í ï»¿ Í ï»¿ Í ï»¿ Í ï»¿ Í ï»¿ Í ï»¿ Í ï»¿ Í ï»¿ Í ï»¿ Í ï»¿ Í ï»¿ Í ï»¿ Í ï»¿ Í ï»¿ Í ï»¿,Social
Unstop Hiring Hub noreply@dare2compete.news,"Stipend up to INR 12,000 | Upstox hiring alert!",Apply today! ï»¿ Í ï»¿ Í ï»¿ Í ï»¿ Í ï»¿ Í ï»¿ Í ï»¿ Í ï»¿ Í ï»¿ Í ï»¿ Í ï»¿ Í ï»¿ Í ï»¿ Í ï»¿ Í ï»¿ Í ï»¿ Í ï»¿ Í ï»¿ Í ï»¿ Í ï»¿ Í ï»¿ Í ï»¿ Í ï»¿ Í ï»¿ Í ï»¿ Í ï»¿ Í ï»¿ Í ï»¿ Í ï»¿ Í ï»¿ Í ï»¿ Í ï»¿ Í ï»¿ Í ï»¿ Í ï»¿ Í ï»¿ Í ï»¿ Í ï»¿ Í ï»¿ Í ï»¿ Í ï»¿ Í ï»¿ Í ï»¿ Í ï»¿ Í ï»¿ Í ï»¿ Í ï»¿ Í,Spam
Unstop Management noreply@dare2compete.news,Leaders from IITs and IIMs swear by this method âœ…,The secret sauce of popular institutes. ï»¿ Í ï»¿ Í ï»¿ Í ï»¿ Í ï»¿ Í ï»¿ Í ï»¿ Í ï»¿ Í ï»¿ Í ï»¿ Í ï»¿ Í ï»¿ Í ï»¿ Í ï»¿ Í ï»¿ Í ï»¿ Í ï»¿ Í ï»¿ Í ï»¿ Í ï»¿ Í ï»¿ Í ï»¿ Í ï»¿ Í ï»¿ Í ï»¿ Í ï»¿ Í ï»¿ Í ï»¿ Í ï»¿ Í ï»¿ Í ï»¿ Í ï»¿ Í ï»¿ Í ï»¿ Í ï»¿ Í ï»¿ Í ï»¿ Í ï»¿ Í ï»¿ Í ï»¿ Í ï»¿,Newsletter
Lovable hi@lovable.dev,Lovable is free to use this weekend!,"Hey, we have some exciting news: Lovable is free to use this weekend Lovable is free for everyone over this weekend, starting now until Sunday 15th of June 23:59 CET! During this time, credits will not",Newsletter
Unstop Hiring Hub noreply@dare2compete.news,"Rolls Royce is hiring interns with stipend upto INR 25,000/- (via Glassdoor)",Apply today! ï»¿ Í ï»¿ Í ï»¿ Í ï»¿ Í ï»¿ Í ï»¿ Í ï»¿ Í ï»¿ Í ï»¿ Í ï»¿ Í ï»¿ Í ï»¿ Í ï»¿ Í ï»¿ Í ï»¿ Í ï»¿ Í ï»¿ Í ï»¿ Í ï»¿ Í ï»¿ Í ï»¿ Í ï»¿ Í ï»¿ Í ï»¿ Í ï»¿ Í ï»¿ Í ï»¿ Í ï»¿ Í ï»¿ Í ï»¿ Í ï»¿ Í ï»¿ Í ï»¿ Í ï»¿ Í ï»¿ Í ï»¿ Í ï»¿ Í ï»¿ Í ï»¿ Í ï»¿ Í ï»¿ Í ï»¿ Í ï»¿ Í ï»¿ Í ï»¿ Í ï»¿ Í ï»¿ Í,Spam
LinkedIn updates-noreply@linkedin.com,"Dr. Miro Bada - Peak Protocol Founder, Writer, Performance coach posted",15 Modern Rules to Thrive at Work: 1. Embrace confusion. It leads toâ€¦ Í Í Í Í Í Í Í Í Í Í Í Í Í Í Í Í Í Í Í Í Í Í Í Í Í Í Í Í Í Í Í Í Í Í Í Í Í Í Í Í Í Í Í Í Í Í Í Í Í Í Í Í Í Í Í Í Í Í Í Í Í Í Í Í Í Í,Social
Unstop Igniters noreply@dare2compete.news,"Sneha, your campus needs a leader. Is it you?","Hi Sneha, Most clubs give you a T-shirt and a title. This one gives you real power. Say hello to the Unstop Igniters Club 2025, where you&#39;re not just joining a club. You&#39;re building one. ğŸ˜",Social
"""Samsung Student+"" noreply@dare2compete.news","Master AI with Samsung - Grab vouchers worth 50,000!",Apply now! ï»¿ Í ï»¿ Í ï»¿ Í ï»¿ Í ï»¿ Í ï»¿ Í ï»¿ Í ï»¿ Í ï»¿ Í ï»¿ Í ï»¿ Í ï»¿ Í ï»¿ Í ï»¿ Í ï»¿ Í ï»¿ Í ï»¿ Í ï»¿ Í ï»¿ Í ï»¿ Í ï»¿ Í ï»¿ Í ï»¿ Í ï»¿ Í ï»¿ Í ï»¿ Í ï»¿ Í ï»¿ Í ï»¿ Í ï»¿ Í ï»¿ Í ï»¿ Í ï»¿ Í ï»¿ Í ï»¿ Í ï»¿ Í ï»¿ Í ï»¿ Í ï»¿ Í ï»¿ Í ï»¿ Í ï»¿ Í ï»¿ Í ï»¿ Í ï»¿ Í ï»¿ Í ï»¿ Í ï»¿,Spam
LinkedIn messages-noreply@linkedin.com,"sowmya, follow Bill Gates - Co-chair at Gates Foundation",See your recommendations Í Í Í Í Í Í Í Í Í Í Í Í Í Í Í Í Í Í Í Í Í Í Í Í Í Í Í Í Í Í Í Í Í Í Í Í Í Í Í Í Í Í Í Í Í Í Í Í Í Í Í Í Í Í Í Í Í Í Í Í Í Í Í Í Í Í Í Í Í Í Í Í Í Í Í Í Í Í Í Í Í Í Í Í Í Í Í Í,Social
LeetCode no-reply@leetcode.com,LeetCode Weekly Digest,Hi LeetCoder! Are you looking to level up your prep with the latest interview trends? Trending Company Questions Vol. 3 is out! This curated list brings you up-to-date patterns from recent interviews,Promotional
ngrok team@m.ngrok.com,Traffic Inspector: Watch your traffic in real-time,"Good news, ngrok has launched our new cloud based Traffic Inspector and it&#39;s available in your dashboard right now. View in browser ngrok-email-header (1) Hello s92703442@gmail.com, ngrok&#39;s in-",Social
Unstop Hiring Hub noreply@dare2compete.news,"Work with Juspay with stipend up to INR 1,00,000 (via Glassdoor)",Apply today! ï»¿ Í ï»¿ Í ï»¿ Í ï»¿ Í ï»¿ Í ï»¿ Í ï»¿ Í ï»¿ Í ï»¿ Í ï»¿ Í ï»¿ Í ï»¿ Í ï»¿ Í ï»¿ Í ï»¿ Í ï»¿ Í ï»¿ Í ï»¿ Í ï»¿ Í ï»¿ Í ï»¿ Í ï»¿ Í ï»¿ Í ï»¿ Í ï»¿ Í ï»¿ Í ï»¿ Í ï»¿ Í ï»¿ Í ï»¿ Í ï»¿ Í ï»¿ Í ï»¿ Í ï»¿ Í ï»¿ Í ï»¿ Í ï»¿ Í ï»¿ Í ï»¿ Í ï»¿ Í ï»¿ Í ï»¿ Í ï»¿ Í ï»¿ Í ï»¿ Í ï»¿ Í ï»¿ Í,Spam
Unstop Competitions noreply@dare2compete.news,2 days left to register for Accenture & bag a full-time role!,Register now ï»¿ Í ï»¿ Í ï»¿ Í ï»¿ Í ï»¿ Í ï»¿ Í ï»¿ Í ï»¿ Í ï»¿ Í ï»¿ Í ï»¿ Í ï»¿ Í ï»¿ Í ï»¿ Í ï»¿ Í ï»¿ Í ï»¿ Í ï»¿ Í ï»¿ Í ï»¿ Í ï»¿ Í ï»¿ Í ï»¿ Í ï»¿ Í ï»¿ Í ï»¿ Í ï»¿ Í ï»¿ Í ï»¿ Í ï»¿ Í ï»¿ Í ï»¿ Í ï»¿ Í ï»¿ Í ï»¿ Í ï»¿ Í ï»¿ Í ï»¿ Í ï»¿ Í ï»¿ Í ï»¿ Í ï»¿ Í ï»¿ Í ï»¿ Í ï»¿ Í ï»¿ Í ï»¿ Í,Promotional
LeetCode no-reply@leetcode.com,"Sneha_DL, Join Your First Contest and Win 200 LeetCoins!","Join Your First Contest! Saturday, June 14 ï»¿ï»¿Don&#39;t think you&#39;re ready for interviews yet? Contests are the best way to gauge how well-prepared you are and to simulate the environment of a real",Social
"""Joel @ ngrok"" team@m.ngrok.com",It's our first Office Hours workshopâ€”who doesn't want n8n and swag?,A little bit of setup ahead of time will pay dividendsâ€”both in a production-ready n8n deployment and a bit of swag to call your own. Plus plenty of time for Q&amp;A! View in browser ngrok-office-hours,Newsletter
CodePen support@codepen.io,[CodePen Spark] Liquid and Glass,"View this issue on CodePen Liquid and Glass This special edition of The CodePen Spark is brought to you by Auth0 DevDay, a one-day virtual conference on June 18th, designed for developers, architects,",Social
LinkedIn updates-noreply@linkedin.com,Will McTighe - Saywhat Co-Founder posted,"16 Harsh Career Truths: 1/ Each job is an experiment. Learn, earn or moveâ€¦ Í Í Í Í Í Í Í Í Í Í Í Í Í Í Í Í Í Í Í Í Í Í Í Í Í Í Í Í Í Í Í Í Í Í Í Í Í Í Í Í Í Í Í Í Í Í Í Í Í Í Í Í Í Í Í Í Í Í Í Í Í Í Í",Other
Unstop Hiring Hub noreply@dare2compete.news,"Sneha, Adobe, YHills & 20K+ employers want you",Apply today! ï»¿ Í ï»¿ Í ï»¿ Í ï»¿ Í ï»¿ Í ï»¿ Í ï»¿ Í ï»¿ Í ï»¿ Í ï»¿ Í ï»¿ Í ï»¿ Í ï»¿ Í ï»¿ Í ï»¿ Í ï»¿ Í ï»¿ Í ï»¿ Í ï»¿ Í ï»¿ Í ï»¿ Í ï»¿ Í ï»¿ Í ï»¿ Í ï»¿ Í ï»¿ Í ï»¿ Í ï»¿ Í ï»¿ Í ï»¿ Í ï»¿ Í ï»¿ Í ï»¿ Í ï»¿ Í ï»¿ Í ï»¿ Í ï»¿ Í ï»¿ Í ï»¿ Í ï»¿ Í ï»¿ Í ï»¿ Í ï»¿ Í ï»¿ Í ï»¿ Í ï»¿ Í ï»¿ Í,Spam
Adobe India Hackathon noreply@dare2compete.news,"Sneha, Adobe is hiring interns at stipend up to 1 Lakh.",Adobe India Hackathon | Apply Today! ï»¿ Í ï»¿ Í ï»¿ Í ï»¿ Í ï»¿ Í ï»¿ Í ï»¿ Í ï»¿ Í ï»¿ Í ï»¿ Í ï»¿ Í ï»¿ Í ï»¿ Í ï»¿ Í ï»¿ Í ï»¿ Í ï»¿ Í ï»¿ Í ï»¿ Í ï»¿ Í ï»¿ Í ï»¿ Í ï»¿ Í ï»¿ Í ï»¿ Í ï»¿ Í ï»¿ Í ï»¿ Í ï»¿ Í ï»¿ Í ï»¿ Í ï»¿ Í ï»¿ Í ï»¿ Í ï»¿ Í ï»¿ Í ï»¿ Í ï»¿ Í ï»¿ Í ï»¿ Í ï»¿ Í,Promotional
Unstop Hiring Hub noreply@dare2compete.news,"Sneha, Stipend upto INR 80,000 | Upstox is hiring!",Apply today! ï»¿ Í ï»¿ Í ï»¿ Í ï»¿ Í ï»¿ Í ï»¿ Í ï»¿ Í ï»¿ Í ï»¿ Í ï»¿ Í ï»¿ Í ï»¿ Í ï»¿ Í ï»¿ Í ï»¿ Í ï»¿ Í ï»¿ Í ï»¿ Í ï»¿ Í ï»¿ Í ï»¿ Í ï»¿ Í ï»¿ Í ï»¿ Í ï»¿ Í ï»¿ Í ï»¿ Í ï»¿ Í ï»¿ Í ï»¿ Í ï»¿ Í ï»¿ Í ï»¿ Í ï»¿ Í ï»¿ Í ï»¿ Í ï»¿ Í ï»¿ Í ï»¿ Í ï»¿ Í ï»¿ Í ï»¿ Í ï»¿ Í ï»¿ Í ï»¿ Í ï»¿ Í ï»¿ Í,Spam
Trae notify@mail.trae.ai,Your Trae Agents Just Got Smarter,"Hi Developer, We&#39;ve shipped some significant improvements to make your Trae agents more autonomous and intelligent. Here&#39;s what&#39;s new: Better Context, Less Repetition Your Agent now",Spam
Unstop Competitions noreply@dare2compete.news,Your chance to run the most powerful club on campus! | Establish the Unstop Igniters Club.,Register now ï»¿ Í ï»¿ Í ï»¿ Í ï»¿ Í ï»¿ Í ï»¿ Í ï»¿ Í ï»¿ Í ï»¿ Í ï»¿ Í ï»¿ Í ï»¿ Í ï»¿ Í ï»¿ Í ï»¿ Í ï»¿ Í ï»¿ Í ï»¿ Í ï»¿ Í ï»¿ Í ï»¿ Í ï»¿ Í ï»¿ Í ï»¿ Í ï»¿ Í ï»¿ Í ï»¿ Í ï»¿ Í ï»¿ Í ï»¿ Í ï»¿ Í ï»¿ Í ï»¿ Í ï»¿ Í ï»¿ Í ï»¿ Í ï»¿ Í ï»¿ Í ï»¿ Í ï»¿ Í ï»¿ Í ï»¿ Í ï»¿ Í ï»¿ Í ï»¿ Í ï»¿ Í ï»¿ Í,Social
CodePen support@codepen.io,"CSS Sculpture, Modern Charts, and Lots of Cats","View this issue on CodePen CSS Sculpture, Modern Charts, and Lots of Cats This week&#39;s CodePen community highlights include a stunning CSS sculpture from Julia Miocene, a tutorial on the latest",Newsletter
LinkedIn updates-noreply@linkedin.com,"sowmya, check out posts from Simon and Dr. Miro",Don&#39;t hire people you like. (This mistake has cost me. I see others making itâ€¦ Í Í Í Í Í Í Í Í Í Í Í Í Í Í Í Í Í Í Í Í Í Í Í Í Í Í Í Í Í Í Í Í Í Í Í Í Í Í Í Í Í Í Í Í Í Í Í Í Í Í Í Í Í Í Í Í Í Í Í,Social
Unstop Hiring Hub noreply@dare2compete.news,"Exciting Internship at Walter P Moore | Stipend up to INR 25,000 (via Glassdoor)","Sneha, apply today! ï»¿ Í ï»¿ Í ï»¿ Í ï»¿ Í ï»¿ Í ï»¿ Í ï»¿ Í ï»¿ Í ï»¿ Í ï»¿ Í ï»¿ Í ï»¿ Í ï»¿ Í ï»¿ Í ï»¿ Í ï»¿ Í ï»¿ Í ï»¿ Í ï»¿ Í ï»¿ Í ï»¿ Í ï»¿ Í ï»¿ Í ï»¿ Í ï»¿ Í ï»¿ Í ï»¿ Í ï»¿ Í ï»¿ Í ï»¿ Í ï»¿ Í ï»¿ Í ï»¿ Í ï»¿ Í ï»¿ Í ï»¿ Í ï»¿ Í ï»¿ Í ï»¿ Í ï»¿ Í ï»¿ Í ï»¿ Í ï»¿ Í ï»¿ Í ï»¿ Í ï»¿",Promotional
Unstop Hiring Hub noreply@dare2compete.news,"Explore roles at Upstox | Earn stipend up to INR 51,000 (via Glassdoor) â€“ Apply today!","Sneha, apply today! ï»¿ Í ï»¿ Í ï»¿ Í ï»¿ Í ï»¿ Í ï»¿ Í ï»¿ Í ï»¿ Í ï»¿ Í ï»¿ Í ï»¿ Í ï»¿ Í ï»¿ Í ï»¿ Í ï»¿ Í ï»¿ Í ï»¿ Í ï»¿ Í ï»¿ Í ï»¿ Í ï»¿ Í ï»¿ Í ï»¿ Í ï»¿ Í ï»¿ Í ï»¿ Í ï»¿ Í ï»¿ Í ï»¿ Í ï»¿ Í ï»¿ Í ï»¿ Í ï»¿ Í ï»¿ Í ï»¿ Í ï»¿ Í ï»¿ Í ï»¿ Í ï»¿ Í ï»¿ Í ï»¿ Í ï»¿ Í ï»¿ Í ï»¿ Í ï»¿ Í ï»¿",Spam
LinkedIn notifications-noreply@linkedin.com,Is AI making the recruitment processâ€¦,Here&#39;s what&#39;s happened since you were last on LinkedIn Í Í Í Í Í Í Í Í Í Í Í Í Í Í Í Í Í Í Í Í Í Í Í Í Í Í Í Í Í Í Í Í Í Í Í Í Í Í Í Í Í Í Í Í Í Í Í Í Í Í Í Í Í Í Í Í Í Í Í Í Í Í Í Í Í Í Í Í Í,Social
LinkedIn notifications-noreply@linkedin.com,Do you need to start from scratch whileâ€¦,Here&#39;s what&#39;s happened since you were last on LinkedIn Í Í Í Í Í Í Í Í Í Í Í Í Í Í Í Í Í Í Í Í Í Í Í Í Í Í Í Í Í Í Í Í Í Í Í Í Í Í Í Í Í Í Í Í Í Í Í Í Í Í Í Í Í Í Í Í Í Í Í Í Í Í Í Í Í Í Í Í Í,Social
Unstop Hiring Hub noreply@dare2compete.news,"Work with Seagate Technology | Stipend up to â‚¹33,000 (via Glassdoor) â€“ Grab the chance!","Sneha, apply today! ï»¿ Í ï»¿ Í ï»¿ Í ï»¿ Í ï»¿ Í ï»¿ Í ï»¿ Í ï»¿ Í ï»¿ Í ï»¿ Í ï»¿ Í ï»¿ Í ï»¿ Í ï»¿ Í ï»¿ Í ï»¿ Í ï»¿ Í ï»¿ Í ï»¿ Í ï»¿ Í ï»¿ Í ï»¿ Í ï»¿ Í ï»¿ Í ï»¿ Í ï»¿ Í ï»¿ Í ï»¿ Í ï»¿ Í ï»¿ Í ï»¿ Í ï»¿ Í ï»¿ Í ï»¿ Í ï»¿ Í ï»¿ Í ï»¿ Í ï»¿ Í ï»¿ Í ï»¿ Í ï»¿ Í ï»¿ Í ï»¿ Í ï»¿ Í ï»¿ Í ï»¿",Spam
Unstop Hiring Hub noreply@dare2compete.news,"Kickstart your career at Genesys | Stipend up to INR 30,000 (via Glassdoor)","Sneha, apply today! ï»¿ Í ï»¿ Í ï»¿ Í ï»¿ Í ï»¿ Í ï»¿ Í ï»¿ Í ï»¿ Í ï»¿ Í ï»¿ Í ï»¿ Í ï»¿ Í ï»¿ Í ï»¿ Í ï»¿ Í ï»¿ Í ï»¿ Í ï»¿ Í ï»¿ Í ï»¿ Í ï»¿ Í ï»¿ Í ï»¿ Í ï»¿ Í ï»¿ Í ï»¿ Í ï»¿ Í ï»¿ Í ï»¿ Í ï»¿ Í ï»¿ Í ï»¿ Í ï»¿ Í ï»¿ Í ï»¿ Í ï»¿ Í ï»¿ Í ï»¿ Í ï»¿ Í ï»¿ Í ï»¿ Í ï»¿ Í ï»¿ Í ï»¿ Í ï»¿ Í ï»¿",Spam
LinkedIn updates-noreply@linkedin.com,"sowmya, Aaron Micallef Piccione has a new post for you",ğŸš¨ BREAKING NEWS: Your best employee just accepted a job offer from yourâ€¦ Í Í Í Í Í Í Í Í Í Í Í Í Í Í Í Í Í Í Í Í Í Í Í Í Í Í Í Í Í Í Í Í Í Í Í Í Í Í Í Í Í Í Í Í Í Í Í Í Í Í Í Í Í Í Í Í Í Í Í Í Í Í Í Í,Important
Ananyaa from Unstop noreply@dare2compete.news,Your resume needs to be changed ğŸ˜¥,And we&#39;re here to help! ï»¿ Í ï»¿ Í ï»¿ Í ï»¿ Í ï»¿ Í ï»¿ Í ï»¿ Í ï»¿ Í ï»¿ Í ï»¿ Í ï»¿ Í ï»¿ Í ï»¿ Í ï»¿ Í ï»¿ Í ï»¿ Í ï»¿ Í ï»¿ Í ï»¿ Í ï»¿ Í ï»¿ Í ï»¿ Í ï»¿ Í ï»¿ Í ï»¿ Í ï»¿ Í ï»¿ Í ï»¿ Í ï»¿ Í ï»¿ Í ï»¿ Í ï»¿ Í ï»¿ Í ï»¿ Í ï»¿ Í ï»¿ Í ï»¿ Í ï»¿ Í ï»¿ Í ï»¿ Í ï»¿ Í ï»¿ Í ï»¿ Í ï»¿,Spam
Unstop Practice noreply@dare2compete.news,Cisco Virtual Internship 2025 | Start Preparing Now!,"Sneha, are you in? ï»¿ Í ï»¿ Í ï»¿ Í ï»¿ Í ï»¿ Í ï»¿ Í ï»¿ Í ï»¿ Í ï»¿ Í ï»¿ Í ï»¿ Í ï»¿ Í ï»¿ Í ï»¿ Í ï»¿ Í ï»¿ Í ï»¿ Í ï»¿ Í ï»¿ Í ï»¿ Í ï»¿ Í ï»¿ Í ï»¿ Í ï»¿ Í ï»¿ Í ï»¿ Í ï»¿ Í ï»¿ Í ï»¿ Í ï»¿ Í ï»¿ Í ï»¿ Í ï»¿ Í ï»¿ Í ï»¿ Í ï»¿ Í ï»¿ Í ï»¿ Í ï»¿ Í ï»¿ Í ï»¿ Í ï»¿ Í ï»¿ Í ï»¿ Í ï»¿ Í ï»¿",Social
LinkedIn messages-noreply@linkedin.com,"sowmya, follow Robert Downey Jr. - Co-Founder at happyâ„¢",See your recommendations Í Í Í Í Í Í Í Í Í Í Í Í Í Í Í Í Í Í Í Í Í Í Í Í Í Í Í Í Í Í Í Í Í Í Í Í Í Í Í Í Í Í Í Í Í Í Í Í Í Í Í Í Í Í Í Í Í Í Í Í Í Í Í Í Í Í Í Í Í Í Í Í Í Í Í Í Í Í Í Í Í Í Í Í Í Í Í Í,Social
LeetCode no-reply@leetcode.com,LeetCode Weekly Digest,"Hi LeetCoder! A LeetCoder recently shared their dilemma between a well-known brand and a fast-growing startup. Each has its perks: global name vs. faster growth, structure vs. agility. Check out this",Newsletter
Cisco Networking Academy netacademail@external.cisco.com,Global Logistics Just Got a Tech Upgradeâ€”Are You Ready?,"View online SPT_H_WL_05 (1).jpg What if Containers Could Think? Meet Container 42â€”not just a box, but a fully connected device powered by IoT, AI, real-time analytics, and cybersecurity. In this video,",Social
Unstop Hiring Hub noreply@dare2compete.news,"Stipend up to â‚¹25,000 (via Glassdoor) | GE Aerospace is Hiring â€“ Apply Today!","Sneha, apply today! ï»¿ Í ï»¿ Í ï»¿ Í ï»¿ Í ï»¿ Í ï»¿ Í ï»¿ Í ï»¿ Í ï»¿ Í ï»¿ Í ï»¿ Í ï»¿ Í ï»¿ Í ï»¿ Í ï»¿ Í ï»¿ Í ï»¿ Í ï»¿ Í ï»¿ Í ï»¿ Í ï»¿ Í ï»¿ Í ï»¿ Í ï»¿ Í ï»¿ Í ï»¿ Í ï»¿ Í ï»¿ Í ï»¿ Í ï»¿ Í ï»¿ Í ï»¿ Í ï»¿ Í ï»¿ Í ï»¿ Í ï»¿ Í ï»¿ Í ï»¿ Í ï»¿ Í ï»¿ Í ï»¿ Í ï»¿ Í ï»¿ Í ï»¿ Í ï»¿ Í ï»¿",Spam
"""Joel @ ngrok"" team@m.ngrok.com",You've run `ngrok http ...`â€”now what?,"Join us live for demos and examples that go beyond hello worldâ€”like auth, observability, routing, and more. View in browser ngrok-office-hours Hi s92703442@gmail.com! If you&#39;ve run ngrok http 3000,",Social
LinkedIn notifications-noreply@linkedin.com,Want a fulfilling career? Stop chasingâ€¦,Here&#39;s what&#39;s happened since you were last on LinkedIn Í Í Í Í Í Í Í Í Í Í Í Í Í Í Í Í Í Í Í Í Í Í Í Í Í Í Í Í Í Í Í Í Í Í Í Í Í Í Í Í Í Í Í Í Í Í Í Í Í Í Í Í Í Í Í Í Í Í Í Í Í Í Í Í Í Í Í Í Í,Social
Devfolio hello@devfolio.co,"Four Hackathons, $300k+ in Prizes, Infinite Possibilities","Hey Sneha, In a world where everyone&#39;s trying to build â€œthe next big thing,â€ we&#39;re here for the people building the next true thing. Projects that solve actual problems. The projects that push",Other
"""Turbologo.com"" support@turbologo.com",Please rate our service and share experience ğŸ™,"Instagram icon Pinterest icon Facebook icon Please share your experience We really appreciate that you&#39;ve used our service and welcome to have your feedback, even negative. Please click the button",Important
LeetCode no-reply@leetcode.com,"Sneha_DL, Join Your First Contest and Win 200 LeetCoins!","Join Your First Contest! Saturday, June 7 ï»¿ï»¿Don&#39;t think you&#39;re ready for interviews yet? Contests are the best way to gauge how well-prepared you are and to simulate the environment of a real",Social
Unstop Competitions noreply@dare2compete.news,Join the Galaxy AI Treasure Hunt â€“ Win Big with Samsung E-Vouchers!,Register now ï»¿ Í ï»¿ Í ï»¿ Í ï»¿ Í ï»¿ Í ï»¿ Í ï»¿ Í ï»¿ Í ï»¿ Í ï»¿ Í ï»¿ Í ï»¿ Í ï»¿ Í ï»¿ Í ï»¿ Í ï»¿ Í ï»¿ Í ï»¿ Í ï»¿ Í ï»¿ Í ï»¿ Í ï»¿ Í ï»¿ Í ï»¿ Í ï»¿ Í ï»¿ Í ï»¿ Í ï»¿ Í ï»¿ Í ï»¿ Í ï»¿ Í ï»¿ Í ï»¿ Í ï»¿ Í ï»¿ Í ï»¿ Í ï»¿ Í ï»¿ Í ï»¿ Í ï»¿ Í ï»¿ Í ï»¿ Í ï»¿ Í ï»¿ Í ï»¿ Í ï»¿ Í ï»¿ Í,Social
Lovable noreply@lovable.dev,Lovable Update â€“ June 4th,"Lovable Update â€” June 4th Hey, In the last 2 weeks we&#39;ve done a bunch of improvements to Lovable! This is what&#39;s new: Security Review Our new security reviewer uses AI to analyze your app for",Important
LinkedIn updates-noreply@linkedin.com,"sowmya, Dr. Miro Bada has a new post for you",15 Harsh Career Truths (Lessons I needed 10 years ago.) 1/ Your past is justâ€¦ Í Í Í Í Í Í Í Í Í Í Í Í Í Í Í Í Í Í Í Í Í Í Í Í Í Í Í Í Í Í Í Í Í Í Í Í Í Í Í Í Í Í Í Í Í Í Í Í Í Í Í Í Í Í Í Í Í Í Í Í Í Í,Spam
Unstop Hiring Hub noreply@dare2compete.news,"Alcon Hiring Alert | Stipend up to â‚¹20,000 â€” Donâ€™t Miss Out!","Sneha, apply today! ï»¿ Í ï»¿ Í ï»¿ Í ï»¿ Í ï»¿ Í ï»¿ Í ï»¿ Í ï»¿ Í ï»¿ Í ï»¿ Í ï»¿ Í ï»¿ Í ï»¿ Í ï»¿ Í ï»¿ Í ï»¿ Í ï»¿ Í ï»¿ Í ï»¿ Í ï»¿ Í ï»¿ Í ï»¿ Í ï»¿ Í ï»¿ Í ï»¿ Í ï»¿ Í ï»¿ Í ï»¿ Í ï»¿ Í ï»¿ Í ï»¿ Í ï»¿ Í ï»¿ Í ï»¿ Í ï»¿ Í ï»¿ Í ï»¿ Í ï»¿ Í ï»¿ Í ï»¿ Í ï»¿ Í ï»¿ Í ï»¿ Í ï»¿ Í ï»¿ Í ï»¿",Spam
Unstop Practice noreply@dare2compete.news,Wipro is Hiring for 4100+ vacancies (CTC upto â‚¹24 LPA),"Sneha, Prepare with Unstop Practice. ï»¿ Í ï»¿ Í ï»¿ Í ï»¿ Í ï»¿ Í ï»¿ Í ï»¿ Í ï»¿ Í ï»¿ Í ï»¿ Í ï»¿ Í ï»¿ Í ï»¿ Í ï»¿ Í ï»¿ Í ï»¿ Í ï»¿ Í ï»¿ Í ï»¿ Í ï»¿ Í ï»¿ Í ï»¿ Í ï»¿ Í ï»¿ Í ï»¿ Í ï»¿ Í ï»¿ Í ï»¿ Í ï»¿ Í ï»¿ Í ï»¿ Í ï»¿ Í ï»¿ Í ï»¿ Í ï»¿ Í ï»¿ Í ï»¿ Í ï»¿ Í ï»¿ Í ï»¿ Í ï»¿ Í",Other
"""Samsung Student+"" noreply@dare2compete.news","Vouchers worth 50,000 with Samsung Galaxy Treasure Hunt",Apply now! ï»¿ Í ï»¿ Í ï»¿ Í ï»¿ Í ï»¿ Í ï»¿ Í ï»¿ Í ï»¿ Í ï»¿ Í ï»¿ Í ï»¿ Í ï»¿ Í ï»¿ Í ï»¿ Í ï»¿ Í ï»¿ Í ï»¿ Í ï»¿ Í ï»¿ Í ï»¿ Í ï»¿ Í ï»¿ Í ï»¿ Í ï»¿ Í ï»¿ Í ï»¿ Í ï»¿ Í ï»¿ Í ï»¿ Í ï»¿ Í ï»¿ Í ï»¿ Í ï»¿ Í ï»¿ Í ï»¿ Í ï»¿ Í ï»¿ Í ï»¿ Í ï»¿ Í ï»¿ Í ï»¿ Í ï»¿ Í ï»¿ Í ï»¿ Í ï»¿ Í ï»¿ Í ï»¿ Í ï»¿,Spam
Canva marketing@engage.canva.com,Good news alert!,Five teachers get the surprise of a lifetime Í â€Œ ï»¿ Í â€Œ ï»¿ Í â€Œ ï»¿ Í â€Œ ï»¿ Í â€Œ ï»¿ Í â€Œ ï»¿ Í â€Œ ï»¿ Í â€Œ ï»¿ Í â€Œ ï»¿ Í â€Œ ï»¿ Í â€Œ ï»¿ Í â€Œ ï»¿ Í â€Œ ï»¿ Í â€Œ ï»¿ Í â€Œ ï»¿ Í â€Œ ï»¿ Í â€Œ ï»¿ Í â€Œ ï»¿ Í â€Œ ï»¿ Í â€Œ ï»¿ Í â€Œ ï»¿ Í â€Œ ï»¿ Í â€Œ ï»¿ Í â€Œ ï»¿ Í â€Œ ï»¿ Í â€Œ ï»¿,Promotional
LinkedIn notifications-noreply@linkedin.com,What are â€˜knockoutâ€™ questions that ATSâ€¦,Here&#39;s what&#39;s happened since you were last on LinkedIn Í Í Í Í Í Í Í Í Í Í Í Í Í Í Í Í Í Í Í Í Í Í Í Í Í Í Í Í Í Í Í Í Í Í Í Í Í Í Í Í Í Í Í Í Í Í Í Í Í Í Í Í Í Í Í Í Í Í Í Í Í Í Í Í Í Í Í Í Í,Social
Unstop Hiring Hub noreply@dare2compete.news,"Juspay is Hiring: Stipend up to 1,00,000 (via Glassdoor) â€“ Apply Now!","Sneha, apply today! ï»¿ Í ï»¿ Í ï»¿ Í ï»¿ Í ï»¿ Í ï»¿ Í ï»¿ Í ï»¿ Í ï»¿ Í ï»¿ Í ï»¿ Í ï»¿ Í ï»¿ Í ï»¿ Í ï»¿ Í ï»¿ Í ï»¿ Í ï»¿ Í ï»¿ Í ï»¿ Í ï»¿ Í ï»¿ Í ï»¿ Í ï»¿ Í ï»¿ Í ï»¿ Í ï»¿ Í ï»¿ Í ï»¿ Í ï»¿ Í ï»¿ Í ï»¿ Í ï»¿ Í ï»¿ Í ï»¿ Í ï»¿ Í ï»¿ Í ï»¿ Í ï»¿ Í ï»¿ Í ï»¿ Í ï»¿ Í ï»¿ Í ï»¿ Í ï»¿ Í ï»¿",Spam
Unstop Competitions noreply@dare2compete.news,"Samsung e-vouchers worth â‚¹50,000 are up for grabs â€“ Start the hunt now! âš¡",Register now ï»¿ Í ï»¿ Í ï»¿ Í ï»¿ Í ï»¿ Í ï»¿ Í ï»¿ Í ï»¿ Í ï»¿ Í ï»¿ Í ï»¿ Í ï»¿ Í ï»¿ Í ï»¿ Í ï»¿ Í ï»¿ Í ï»¿ Í ï»¿ Í ï»¿ Í ï»¿ Í ï»¿ Í ï»¿ Í ï»¿ Í ï»¿ Í ï»¿ Í ï»¿ Í ï»¿ Í ï»¿ Í ï»¿ Í ï»¿ Í ï»¿ Í ï»¿ Í ï»¿ Í ï»¿ Í ï»¿ Í ï»¿ Í ï»¿ Í ï»¿ Í ï»¿ Í ï»¿ Í ï»¿ Í ï»¿ Í ï»¿ Í ï»¿ Í ï»¿ Í ï»¿ Í ï»¿ Í,Promotional
CodePen support@codepen.io,"CSS if(), Seamless SVG Text, and a Cubic Photo Gallery","View this issue on CodePen CSS if(), Seamless SVG Text, and a Cubic Photo Gallery This week, Una Kravets introduces the new CSS if() function (just landed in Chrome), ccrch shares a trick for animating",Newsletter
certificate@givemycertificate.com,Congratulations for your Aventus 3.0 certificate,"Warm Greetings Sneha gowda, Thank You so much for your Participation in Aventus 3.0. Please find your Certificate of Participation attached with this email. We hope you had a great experience and look",Important
LinkedIn updates-noreply@linkedin.com,"sowmya, Dr. Carolyn Frost has a new post for you",Presence is a skill. Not a personality trait. 10 subtle habits that changeâ€¦ Í Í Í Í Í Í Í Í Í Í Í Í Í Í Í Í Í Í Í Í Í Í Í Í Í Í Í Í Í Í Í Í Í Í Í Í Í Í Í Í Í Í Í Í Í Í Í Í Í Í Í Í Í Í Í Í Í Í Í Í Í Í Í,Social
LinkedIn messages-noreply@linkedin.com,"sowmya, follow Bill Gates - Co-chair at Gates Foundation",See your recommendations Í Í Í Í Í Í Í Í Í Í Í Í Í Í Í Í Í Í Í Í Í Í Í Í Í Í Í Í Í Í Í Í Í Í Í Í Í Í Í Í Í Í Í Í Í Í Í Í Í Í Í Í Í Í Í Í Í Í Í Í Í Í Í Í Í Í Í Í Í Í Í Í Í Í Í Í Í Í Í Í Í Í Í Í Í Í Í Í,Social
LeetCode no-reply@leetcode.com,[LeetCode] Confirm E-mail Address,Welcome ! Thanks for signing up with LeetCode! You must follow this link to activate your account: https://leetcode.com/accounts/confirm-email/MTgzODU2NTY:1uLORl:IUjy_dK4h6NnlJFt0-uIkWt16Z-,Important
LinkedIn notifications-noreply@linkedin.com,You have 1 new message,You have 1 new message Í Í Í Í Í Í Í Í Í Í Í Í Í Í Í Í Í Í Í Í Í Í Í Í Í Í Í Í Í Í Í Í Í Í Í Í Í Í Í Í Í Í Í Í Í Í Í Í Í Í Í Í Í Í Í Í Í Í Í Í Í Í Í Í Í Í Í Í Í Í Í Í Í Í Í Í Í Í Í Í Í Í Í Í Í Í Í Í Í,Social
LinkedIn notifications-noreply@linkedin.com,You have 1 new message,You have 1 new message Í Í Í Í Í Í Í Í Í Í Í Í Í Í Í Í Í Í Í Í Í Í Í Í Í Í Í Í Í Í Í Í Í Í Í Í Í Í Í Í Í Í Í Í Í Í Í Í Í Í Í Í Í Í Í Í Í Í Í Í Í Í Í Í Í Í Í Í Í Í Í Í Í Í Í Í Í Í Í Í Í Í Í Í Í Í Í Í Í,Social
LinkedIn notifications-noreply@linkedin.com,You have 1 new message,You have 1 new message Í Í Í Í Í Í Í Í Í Í Í Í Í Í Í Í Í Í Í Í Í Í Í Í Í Í Í Í Í Í Í Í Í Í Í Í Í Í Í Í Í Í Í Í Í Í Í Í Í Í Í Í Í Í Í Í Í Í Í Í Í Í Í Í Í Í Í Í Í Í Í Í Í Í Í Í Í Í Í Í Í Í Í Í Í Í Í Í Í,Social
LinkedIn updates-noreply@linkedin.com,Abhisake posted something that may interest you,My friend thinks Monday is a punishment. She works at a well-known companyâ€¦ Í Í Í Í Í Í Í Í Í Í Í Í Í Í Í Í Í Í Í Í Í Í Í Í Í Í Í Í Í Í Í Í Í Í Í Í Í Í Í Í Í Í Í Í Í Í Í Í Í Í Í Í Í Í Í Í Í Í Í Í Í Í Í,Other
LinkedIn notifications-noreply@linkedin.com,You have 1 new message,You have 1 new message Í Í Í Í Í Í Í Í Í Í Í Í Í Í Í Í Í Í Í Í Í Í Í Í Í Í Í Í Í Í Í Í Í Í Í Í Í Í Í Í Í Í Í Í Í Í Í Í Í Í Í Í Í Í Í Í Í Í Í Í Í Í Í Í Í Í Í Í Í Í Í Í Í Í Í Í Í Í Í Í Í Í Í Í Í Í Í Í Í,Social
LinkedIn updates-noreply@linkedin.com,"sowmya, Josh Gardner has a new post for you","Life doesn&#39;t follow a straight line... Neither does your career. In fact, Iâ€¦ Í Í Í Í Í Í Í Í Í Í Í Í Í Í Í Í Í Í Í Í Í Í Í Í Í Í Í Í Í Í Í Í Í Í Í Í Í Í Í Í Í Í Í Í Í Í Í Í Í Í Í Í Í Í Í Í Í Í Í Í",Social
LinkedIn notifications-noreply@linkedin.com,You have 1 new message,You have 1 new message Í Í Í Í Í Í Í Í Í Í Í Í Í Í Í Í Í Í Í Í Í Í Í Í Í Í Í Í Í Í Í Í Í Í Í Í Í Í Í Í Í Í Í Í Í Í Í Í Í Í Í Í Í Í Í Í Í Í Í Í Í Í Í Í Í Í Í Í Í Í Í Í Í Í Í Í Í Í Í Í Í Í Í Í Í Í Í Í Í,Social
LinkedIn notifications-noreply@linkedin.com,You have 1 new message,You have 1 new message Í Í Í Í Í Í Í Í Í Í Í Í Í Í Í Í Í Í Í Í Í Í Í Í Í Í Í Í Í Í Í Í Í Í Í Í Í Í Í Í Í Í Í Í Í Í Í Í Í Í Í Í Í Í Í Í Í Í Í Í Í Í Í Í Í Í Í Í Í Í Í Í Í Í Í Í Í Í Í Í Í Í Í Í Í Í Í Í Í,Social
LinkedIn notifications-noreply@linkedin.com,You have 1 new message,You have 1 new message Í Í Í Í Í Í Í Í Í Í Í Í Í Í Í Í Í Í Í Í Í Í Í Í Í Í Í Í Í Í Í Í Í Í Í Í Í Í Í Í Í Í Í Í Í Í Í Í Í Í Í Í Í Í Í Í Í Í Í Í Í Í Í Í Í Í Í Í Í Í Í Í Í Í Í Í Í Í Í Í Í Í Í Í Í Í Í Í Í,Social
LinkedIn notifications-noreply@linkedin.com,You have 1 new message,You have 1 new message Í Í Í Í Í Í Í Í Í Í Í Í Í Í Í Í Í Í Í Í Í Í Í Í Í Í Í Í Í Í Í Í Í Í Í Í Í Í Í Í Í Í Í Í Í Í Í Í Í Í Í Í Í Í Í Í Í Í Í Í Í Í Í Í Í Í Í Í Í Í Í Í Í Í Í Í Í Í Í Í Í Í Í Í Í Í Í Í Í,Social
LinkedIn messages-noreply@linkedin.com,"sowmya, follow Bill Gates - Co-chair at Gates Foundation",See your recommendations Í Í Í Í Í Í Í Í Í Í Í Í Í Í Í Í Í Í Í Í Í Í Í Í Í Í Í Í Í Í Í Í Í Í Í Í Í Í Í Í Í Í Í Í Í Í Í Í Í Í Í Í Í Í Í Í Í Í Í Í Í Í Í Í Í Í Í Í Í Í Í Í Í Í Í Í Í Í Í Í Í Í Í Í Í Í Í Í,Social
Devfolio hello+aventus-3@devfolio.co,Aventus 3: Thanks for Participating in Aventus 3.0 - Hereâ€™s a Giveaway! ğŸ,"Thanks for Participating in Aventus 3.0 - Here&#39;s a Giveaway! ğŸ ğŸ‰ Claim Your Free .xyz Domain! ğŸ‰ Hey Hackers! As a token of appreciation for participating in Aventus 3.0, you can now claim a free .",Promotional
Team Unstop noreply@dare2compete.news,The YouTube channel that understands YOU!,Tune in now! ï»¿ Í ï»¿ Í ï»¿ Í ï»¿ Í ï»¿ Í ï»¿ Í ï»¿ Í ï»¿ Í ï»¿ Í ï»¿ Í ï»¿ Í ï»¿ Í ï»¿ Í ï»¿ Í ï»¿ Í ï»¿ Í ï»¿ Í ï»¿ Í ï»¿ Í ï»¿ Í ï»¿ Í ï»¿ Í ï»¿ Í ï»¿ Í ï»¿ Í ï»¿ Í ï»¿ Í ï»¿ Í ï»¿ Í ï»¿ Í ï»¿ Í ï»¿ Í ï»¿ Í ï»¿ Í ï»¿ Í ï»¿ Í ï»¿ Í ï»¿ Í ï»¿ Í ï»¿ Í ï»¿ Í ï»¿ Í ï»¿ Í ï»¿ Í ï»¿ Í ï»¿ Í ï»¿ Í,Social
Team Unstop noreply@dare2compete.news,"S&P Hiring Alert | Stipend upto â‚¹20,000 (via Glassdoor) - Apply Now!","Sneha, apply today! ï»¿ Í ï»¿ Í ï»¿ Í ï»¿ Í ï»¿ Í ï»¿ Í ï»¿ Í ï»¿ Í ï»¿ Í ï»¿ Í ï»¿ Í ï»¿ Í ï»¿ Í ï»¿ Í ï»¿ Í ï»¿ Í ï»¿ Í ï»¿ Í ï»¿ Í ï»¿ Í ï»¿ Í ï»¿ Í ï»¿ Í ï»¿ Í ï»¿ Í ï»¿ Í ï»¿ Í ï»¿ Í ï»¿ Í ï»¿ Í ï»¿ Í ï»¿ Í ï»¿ Í ï»¿ Í ï»¿ Í ï»¿ Í ï»¿ Í ï»¿ Í ï»¿ Í ï»¿ Í ï»¿ Í ï»¿ Í ï»¿ Í ï»¿ Í ï»¿ Í ï»¿",Spam
